Author	Compression	Variable	Default/all timestep(s)	Config Short	Version of compression-recommendations	Configuration	[opt] Throughput Compression [GB/s], measured relative to the original size	[opt] Throughput Decompression [GB/s], measured relative to the original size
@Lagnajee	19.29	100u	default	SPERR (mean-bound tuned) + LZMA	0.1.0a1	{'id': 'combinators.stack', 'codecs': ({'id': 'sperr.rs', 'mode': 'q', 'q': 0.04362030930661031, '_version': '0.2.0'}, {'id': 'lzma', 'format': 1, 'check': -1, 'preset': 2147483657, 'filters': None})}	0.0186	0.0667
@Lagnajee	19.47	100v	default	SPERR (mean-bound tuned) + LZMA	0.1.0a1	{'id': 'combinators.stack', 'codecs': ({'id': 'sperr.rs', 'mode': 'q', 'q': 0.04362030930661031, '_version': '0.2.0'}, {'id': 'lzma', 'format': 1, 'check': -1, 'preset': 2147483657, 'filters': None})}	0.0194	0.0654
@Lagnajee	76.19	10fg	default	SZ3 (mean-bound tuned) + LZMA	0.1.0a1	{'id': 'combinators.stack', 'codecs': ({'id': 'sz3.rs', 'predictor': 'interpolation-lorenzo', 'eb_mode': 'abs', 'eb_abs': 0.5, '_version': '0.2.0'}, {'id': 'lzma', 'format': 1, 'check': -1, 'preset': 2147483657, 'filters': None})}	0.0463	0.2853
@Lagnajee	4862.95	10u	default	SPERR (mean-bound tuned) + LZMA	0.1.0a1	{'id': 'combinators.stack', 'codecs': ({'id': 'sperr.rs', 'mode': 'pwe', 'pwe': 33.94771214057639, '_version': '0.2.0'}, {'id': 'lzma', 'format': 1, 'check': -1, 'preset': 2147483657, 'filters': None})}	0.0638	0.1446
@Lagnajee	4504.30	10v	default	SPERR (mean-bound tuned) + LZMA	0.1.0a1	{'id': 'combinators.stack', 'codecs': ({'id': 'sperr.rs', 'mode': 'pwe', 'pwe': 30.08105561516101, '_version': '0.2.0'}, {'id': 'lzma', 'format': 1, 'check': -1, 'preset': 2147483657, 'filters': None})}	0.0631	0.1355
@Lagnajee	23.44	2d	default	Recommended Safeguards + SZ3 + LZMA	0.1.0a1	{'id': 'combinators.stack', 'codecs': ({'id': 'safeguards', 'codec': {'id': 'sz3.rs', 'predictor': 'interpolation-lorenzo', 'eb_mode': 'abs', 'eb_abs': 0.05, '_version': '0.2.0'}, 'safeguards': [{'kind': 'any', 'safeguards': [{'kind': 'all', 'safeguards': [{'kind': 'eb', 'type': 'abs', 'eb': 0.05, 'equal_nan': False}]}]}], 'fixed_constants': {}, 'lossless': {'for_codec': None, 'for_corrections': {'id': 'combinators.best', 'codecs': ({'id': 'combinators.stack', 'codecs': ({'id': 'tokenize'}, {'id': 'bitmap-index', 'max_bitmaps': 1, 'cost_factor': 1}, {'id': 'shuffle.typed-byte'}, {'id': 'combinators.framed', 'codecs': ({'id': 'zstd', 'level': 3, 'checksum': False},)})}, {'id': 'combinators.stack', 'codecs': ({'id': 'delta.binary'}, {'id': 'tokenize'}, {'id': 'bitmap-index', 'max_bitmaps': 1, 'cost_factor': 1}, {'id': 'shuffle.typed-byte'}, {'id': 'combinators.framed', 'codecs': ({'id': 'zstd', 'level': 3, 'checksum': False},)})})}}, 'compute': {'unstable_iterative': False, 'unstable_lossless_corrections': False}, '_version': '1.0.0'}, {'id': 'lzma', 'format': 1, 'check': -1, 'preset': 2147483657, 'filters': None})}	0.0149	0.1189
@Lagnajee	24.96	2t	default	Recommended Safeguards + SZ3 + LZMA	0.1.0a1	{'id': 'combinators.stack', 'codecs': ({'id': 'safeguards', 'codec': {'id': 'sz3.rs', 'predictor': 'interpolation-lorenzo', 'eb_mode': 'abs', 'eb_abs': 0.05, '_version': '0.2.0'}, 'safeguards': [{'kind': 'any', 'safeguards': [{'kind': 'all', 'safeguards': [{'kind': 'eb', 'type': 'abs', 'eb': 0.05, 'equal_nan': False}]}]}], 'fixed_constants': {}, 'lossless': {'for_codec': None, 'for_corrections': {'id': 'combinators.best', 'codecs': ({'id': 'combinators.stack', 'codecs': ({'id': 'tokenize'}, {'id': 'bitmap-index', 'max_bitmaps': 1, 'cost_factor': 1}, {'id': 'shuffle.typed-byte'}, {'id': 'combinators.framed', 'codecs': ({'id': 'zstd', 'level': 3, 'checksum': False},)})}, {'id': 'combinators.stack', 'codecs': ({'id': 'delta.binary'}, {'id': 'tokenize'}, {'id': 'bitmap-index', 'max_bitmaps': 1, 'cost_factor': 1}, {'id': 'shuffle.typed-byte'}, {'id': 'combinators.framed', 'codecs': ({'id': 'zstd', 'level': 3, 'checksum': False},)})})}}, 'compute': {'unstable_iterative': False, 'unstable_lossless_corrections': False}, '_version': '1.0.0'}, {'id': 'lzma', 'format': 1, 'check': -1, 'preset': 2147483657, 'filters': None})}	0.0155	0.1229
@Lagnajee	1773.25	alnid	default	SPERR (mean-bound tuned) + LZMA	0.1.0a1	{'id': 'combinators.stack', 'codecs': ({'id': 'sperr.rs', 'mode': 'q', 'q': 0.3489624744528825, '_version': '0.2.0'}, {'id': 'lzma', 'format': 1, 'check': -1, 'preset': 2147483657, 'filters': None})}	0.0852	0.1432
@Lagnajee	2264.43	alnip	default	SPERR (mean-bound tuned) + LZMA	0.1.0a1	{'id': 'combinators.stack', 'codecs': ({'id': 'sperr.rs', 'mode': 'q', 'q': 0.3805462768008707, '_version': '0.2.0'}, {'id': 'lzma', 'format': 1, 'check': -1, 'preset': 2147483657, 'filters': None})}	0.0818	0.1363
@Lagnajee	6350.09	aluvd	default	SPERR (mean-bound tuned) + LZMA	0.1.0a1	{'id': 'combinators.stack', 'codecs': ({'id': 'sperr.rs', 'mode': 'pwe', 'pwe': 0.32, '_version': '0.2.0'}, {'id': 'lzma', 'format': 1, 'check': -1, 'preset': 2147483657, 'filters': None})}	0.0681	0.1612
@Lagnajee	6529.81	aluvp	default	SPERR (mean-bound tuned) + LZMA	0.1.0a1	{'id': 'combinators.stack', 'codecs': ({'id': 'sperr.rs', 'mode': 'pwe', 'pwe': 0.32, '_version': '0.2.0'}, {'id': 'lzma', 'format': 1, 'check': -1, 'preset': 2147483657, 'filters': None})}	0.0629	0.1556
@Lagnajee	170.43	anor	default	SPERR (mean-bound tuned) + LZMA	0.1.0a1	{'id': 'combinators.stack', 'codecs': ({'id': 'sperr.rs', 'mode': 'pwe', 'pwe': 0.8532877732894257, '_version': '0.2.0'}, {'id': 'lzma', 'format': 1, 'check': -1, 'preset': 2147483657, 'filters': None})}	0.0455	0.1213
@Lagnajee	1677.29	asn	default	SPERR (mean-bound tuned) + LZMA	0.1.0a1	{'id': 'combinators.stack', 'codecs': ({'id': 'sperr.rs', 'mode': 'q', 'q': 0.07268146657232812, '_version': '0.2.0'}, {'id': 'lzma', 'format': 1, 'check': -1, 'preset': 2147483657, 'filters': None})}	0.0840	0.1812
@Lagnajee	31.26	avg_cpr	default	FixedScaleOffset grid (mean-bound tuned) + LZMA	0.1.0a1	{'id': 'combinators.framed', 'codecs': ({'id': 'fixedscaleoffset', 'scale': 687973.1608606763, 'offset': 0, 'dtype': '<f8', 'astype': '<i2'}, {'id': 'lzma', 'format': 3, 'check': -1, 'preset': None, 'filters': [{'id': 3, 'dist': 2}, {'id': 33, 'preset': 2147483657, 'lc': 1, 'lp': 1, 'pb': 1}]})}	0.0115	0.5215
@Lagnajee	398.67	avg_csfr	default	FixedScaleOffset grid (mean-bound tuned) + LZMA	0.1.0a1	{'id': 'combinators.framed', 'codecs': ({'id': 'fixedscaleoffset', 'scale': 1571680.6545353236, 'offset': 0, 'dtype': '<f8', 'astype': '<i2'}, {'id': 'lzma', 'format': 3, 'check': -1, 'preset': None, 'filters': [{'id': 3, 'dist': 2}, {'id': 33, 'preset': 2147483657, 'lc': 1, 'lp': 1, 'pb': 1}]})}	0.0437	0.6866
@Lagnajee	3208.16	avg_esrwe	default	FixedScaleOffset grid (mean-bound tuned) + LZMA	0.1.0a1	{'id': 'combinators.framed', 'codecs': ({'id': 'fixedscaleoffset', 'scale': 312531.25312531256, 'offset': 0, 'dtype': '<f8', 'astype': '|i1'}, {'id': 'lzma', 'format': 3, 'check': -1, 'preset': None, 'filters': [{'id': 3, 'dist': 1}, {'id': 33, 'preset': 2147483657, 'lc': 1, 'lp': 1, 'pb': 1}]})}	0.0753	1.0837
@Lagnajee	120.42	avg_ibld	default	SPERR (mean-bound tuned) + LZMA	0.1.0a1	{'id': 'combinators.stack', 'codecs': ({'id': 'sperr.rs', 'mode': 'q', 'q': 0.9513656920021768, '_version': '0.2.0'}, {'id': 'lzma', 'format': 1, 'check': -1, 'preset': 2147483657, 'filters': None})}	0.0683	0.1414
@Lagnajee	36.19	avg_ie	default	SPERR (mean-bound tuned) + LZMA	0.1.0a1	{'id': 'combinators.stack', 'codecs': ({'id': 'sperr.rs', 'mode': 'q', 'q': 1.5790496967268924e-06, '_version': '0.2.0'}, {'id': 'lzma', 'format': 1, 'check': -1, 'preset': 2147483657, 'filters': None})}	0.0495	0.0915
@Lagnajee	64.85	avg_iegwss	default	FixedScaleOffset grid (mean-bound tuned) + LZMA	0.1.0a1	{'id': 'combinators.framed', 'codecs': ({'id': 'fixedscaleoffset', 'scale': 561.7479884538649, 'offset': 0, 'dtype': '<f8', 'astype': '<i2'}, {'id': 'lzma', 'format': 3, 'check': -1, 'preset': None, 'filters': [{'id': 3, 'dist': 2}, {'id': 33, 'preset': 2147483657, 'lc': 1, 'lp': 1, 'pb': 1}]})}	0.0129	0.5342
@Lagnajee	33.09	avg_iews	default	SPERR (mean-bound tuned) + LZMA	0.1.0a1	{'id': 'combinators.stack', 'codecs': ({'id': 'sperr.rs', 'mode': 'q', 'q': 0.005879607560369002, '_version': '0.2.0'}, {'id': 'lzma', 'format': 1, 'check': -1, 'preset': 2147483657, 'filters': None})}	0.0513	0.0972
@Lagnajee	57.24	avg_igwd	default	Recommended Safeguards + LZMA	0.1.0a1	{'id': 'safeguards', 'codec': {'id': 'zero'}, 'safeguards': [{'kind': 'any', 'safeguards': [{'kind': 'all', 'safeguards': [{'kind': 'everywhere', 'safeguard': {'kind': 'eb', 'type': 'rel', 'eb': 0.01, 'equal_nan': False}}]}]}], 'fixed_constants': {}, 'lossless': {'for_codec': None, 'for_corrections': {'id': 'combinators.best', 'codecs': ({'id': 'combinators.stack', 'codecs': ({'id': 'tokenize'}, {'id': 'bitmap-index', 'max_bitmaps': 1, 'cost_factor': 1}, {'id': 'shuffle.typed-byte'}, {'id': 'combinators.framed', 'codecs': ({'id': 'zstd', 'level': 3, 'checksum': False},)})}, {'id': 'combinators.stack', 'codecs': ({'id': 'delta.binary'}, {'id': 'tokenize'}, {'id': 'bitmap-index', 'max_bitmaps': 1, 'cost_factor': 1}, {'id': 'shuffle.typed-byte'}, {'id': 'combinators.framed', 'codecs': ({'id': 'zstd', 'level': 3, 'checksum': False},)})})}}, 'compute': {'unstable_iterative': False, 'unstable_lossless_corrections': False}, '_version': '1.0.0'}	0.0096	0.2180
@Lagnajee	26.92	avg_ilspf	default	FixedScaleOffset grid (mean-bound tuned) + LZMA	0.1.0a1	{'id': 'combinators.framed', 'codecs': ({'id': 'fixedscaleoffset', 'scale': 69.41560025508659, 'offset': 0, 'dtype': '<f8', 'astype': '|i1'}, {'id': 'lzma', 'format': 3, 'check': -1, 'preset': None, 'filters': [{'id': 3, 'dist': 1}, {'id': 33, 'preset': 2147483657, 'lc': 1, 'lp': 1, 'pb': 1}]})}	0.0148	0.4172
@Lagnajee	54.37	avg_ingwss	default	PwRatio (mean-bound tuned) + LZMA	0.1.0a1	{'id': 'combinators.stack', 'codecs': ({'id': 'pw_ratio', 'eb_ratio': 1.019, 'eb_abs_marker': '$eb_abs', 'log_codec': {'id': 'fixedscaleoffset', 'scale': 18.41530001266561, 'offset': 0, 'dtype': '<f8', 'astype': '<i2'}, 'sign_codec': {'id': 'zstd.rs', 'level': 19, '_version': '0.1.0'}}, {'id': 'lzma', 'format': 3, 'check': -1, 'preset': None, 'filters': [{'id': 3, 'dist': 2}, {'id': 33, 'preset': 2147483657, 'lc': 1, 'lp': 1, 'pb': 1}]})}	0.0101	0.3218
@Lagnajee	32.59	avg_inss	default	SPERR (mean-bound tuned) + LZMA	0.1.0a1	{'id': 'combinators.stack', 'codecs': ({'id': 'sperr.rs', 'mode': 'q', 'q': 0.005353229997488785, '_version': '0.2.0'}, {'id': 'lzma', 'format': 1, 'check': -1, 'preset': 2147483657, 'filters': None})}	0.0361	0.0894
@Lagnajee	16.76	avg_ishf	default	SPERR (mean-bound tuned) + LZMA	0.1.0a1	{'id': 'combinators.stack', 'codecs': ({'id': 'sperr.rs', 'mode': 'q', 'q': 0.4362030930661031, '_version': '0.2.0'}, {'id': 'lzma', 'format': 1, 'check': -1, 'preset': 2147483657, 'filters': None})}	0.0333	0.0719
@Lagnajee	32.58	avg_lsprate	default	FixedScaleOffset grid (mean-bound tuned) + LZMA	0.1.0a1	{'id': 'combinators.framed', 'codecs': ({'id': 'fixedscaleoffset', 'scale': 922797.1601501189, 'offset': 0, 'dtype': '<f8', 'astype': '<i2'}, {'id': 'lzma', 'format': 3, 'check': -1, 'preset': None, 'filters': [{'id': 3, 'dist': 2}, {'id': 33, 'preset': 2147483657, 'lc': 1, 'lp': 1, 'pb': 1}]})}	0.0089	0.4848
@Lagnajee	153.36	avg_lssfr	default	FixedScaleOffset grid (mean-bound tuned) + LZMA	0.1.0a1	{'id': 'combinators.framed', 'codecs': ({'id': 'fixedscaleoffset', 'scale': 1452014.6665389808, 'offset': 0, 'dtype': '<f8', 'astype': '<i2'}, {'id': 'lzma', 'format': 3, 'check': -1, 'preset': None, 'filters': [{'id': 3, 'dist': 2}, {'id': 33, 'preset': 2147483657, 'lc': 1, 'lp': 1, 'pb': 1}]})}	0.0240	0.6760
@Lagnajee	71.25	avg_pevr	default	FixedScaleOffset grid (mean-bound tuned) + LZMA	0.1.0a1	{'id': 'combinators.framed', 'codecs': ({'id': 'fixedscaleoffset', 'scale': 459835.3973060251, 'offset': 0, 'dtype': '<f8', 'astype': '<i2'}, {'id': 'lzma', 'format': 3, 'check': -1, 'preset': None, 'filters': [{'id': 3, 'dist': 2}, {'id': 33, 'preset': 2147483657, 'lc': 1, 'lp': 1, 'pb': 1}]})}	0.0162	0.6942
@Lagnajee	78.71	avg_rorwe	default	FixedScaleOffset grid (mean-bound tuned) + LZMA	0.1.0a1	{'id': 'combinators.framed', 'codecs': ({'id': 'fixedscaleoffset', 'scale': 2202734.4110053694, 'offset': 0, 'dtype': '<f8', 'astype': '<i2'}, {'id': 'lzma', 'format': 3, 'check': -1, 'preset': None, 'filters': [{'id': 3, 'dist': 2}, {'id': 33, 'preset': 2147483657, 'lc': 1, 'lp': 1, 'pb': 1}]})}	0.0161	0.6990
@Lagnajee	25.26	avg_sdirswrf	default	FixedScaleOffset grid (mean-bound tuned) + LZMA	0.1.0a1	{'id': 'combinators.framed', 'codecs': ({'id': 'fixedscaleoffset', 'scale': 1.25012501250125, 'offset': 0, 'dtype': '<f8', 'astype': '<i2'}, {'id': 'lzma', 'format': 3, 'check': -1, 'preset': None, 'filters': [{'id': 3, 'dist': 2}, {'id': 33, 'preset': 2147483657, 'lc': 1, 'lp': 1, 'pb': 1}]})}	0.0175	0.4841
@Lagnajee	61.90	avg_sdirswrfcs	default	FixedScaleOffset grid (mean-bound tuned) + LZMA	0.1.0a1	{'id': 'combinators.framed', 'codecs': ({'id': 'fixedscaleoffset', 'scale': 1.3632709929308653, 'offset': 0, 'dtype': '<f8', 'astype': '<i2'}, {'id': 'lzma', 'format': 3, 'check': -1, 'preset': None, 'filters': [{'id': 3, 'dist': 2}, {'id': 33, 'preset': 2147483657, 'lc': 1, 'lp': 1, 'pb': 1}]})}	0.0152	0.7343
@Lagnajee	20.47	avg_sdlwrf	default	SPERR (mean-bound tuned) + LZMA	0.1.0a1	{'id': 'combinators.stack', 'codecs': ({'id': 'sperr.rs', 'mode': 'q', 'q': 0.4362030930661031, '_version': '0.2.0'}, {'id': 'lzma', 'format': 1, 'check': -1, 'preset': 2147483657, 'filters': None})}	0.0359	0.0771
@Lagnajee	51.04	avg_sdlwrfcs	default	SPERR (mean-bound tuned) + LZMA	0.1.0a1	{'id': 'combinators.stack', 'codecs': ({'id': 'sperr.rs', 'mode': 'q', 'q': 0.6168843301631765, '_version': '0.2.0'}, {'id': 'lzma', 'format': 1, 'check': -1, 'preset': 2147483657, 'filters': None})}	0.0579	0.1075
@Lagnajee	24.02	avg_sdswrf	default	FixedScaleOffset grid (mean-bound tuned) + LZMA	0.1.0a1	{'id': 'combinators.framed', 'codecs': ({'id': 'fixedscaleoffset', 'scale': 1.3632709929308653, 'offset': 0, 'dtype': '<f8', 'astype': '<i2'}, {'id': 'lzma', 'format': 3, 'check': -1, 'preset': None, 'filters': [{'id': 3, 'dist': 2}, {'id': 33, 'preset': 2147483657, 'lc': 1, 'lp': 1, 'pb': 1}]})}	0.0189	0.5112
@Lagnajee	62.68	avg_sdswrfcs	default	FixedScaleOffset grid (mean-bound tuned) + LZMA	0.1.0a1	{'id': 'combinators.framed', 'codecs': ({'id': 'fixedscaleoffset', 'scale': 1.3632709929308653, 'offset': 0, 'dtype': '<f8', 'astype': '<i2'}, {'id': 'lzma', 'format': 3, 'check': -1, 'preset': None, 'filters': [{'id': 3, 'dist': 2}, {'id': 33, 'preset': 2147483657, 'lc': 1, 'lp': 1, 'pb': 1}]})}	0.0147	0.7256
@Lagnajee	65.10	avg_sduvrf	default	FixedScaleOffset grid (mean-bound tuned) + LZMA	0.1.0a1	{'id': 'combinators.framed', 'codecs': ({'id': 'fixedscaleoffset', 'scale': 0.892946437500893, 'offset': 0, 'dtype': '<f8', 'astype': '|i1'}, {'id': 'lzma', 'format': 3, 'check': -1, 'preset': None, 'filters': [{'id': 3, 'dist': 1}, {'id': 33, 'preset': 2147483657, 'lc': 1, 'lp': 1, 'pb': 1}]})}	0.0252	0.8720
@Lagnajee	14.91	avg_slhtf	default	SPERR (mean-bound tuned) + LZMA	0.1.0a1	{'id': 'combinators.stack', 'codecs': ({'id': 'sperr.rs', 'mode': 'q', 'q': 0.4362030930661031, '_version': '0.2.0'}, {'id': 'lzma', 'format': 1, 'check': -1, 'preset': 2147483657, 'filters': None})}	0.0315	0.0722
@Lagnajee	3498.70	avg_smr	default	FixedScaleOffset grid (mean-bound tuned) + LZMA	0.1.0a1	{'id': 'combinators.framed', 'codecs': ({'id': 'fixedscaleoffset', 'scale': 31253.125312531254, 'offset': 0, 'dtype': '<f8', 'astype': '|i1'}, {'id': 'lzma', 'format': 3, 'check': -1, 'preset': None, 'filters': [{'id': 3, 'dist': 1}, {'id': 33, 'preset': 2147483657, 'lc': 1, 'lp': 1, 'pb': 1}]})}	0.0896	1.0573
@Lagnajee	17.97	avg_snlwrf	default	SPERR (mean-bound tuned) + LZMA	0.1.0a1	{'id': 'combinators.stack', 'codecs': ({'id': 'sperr.rs', 'mode': 'q', 'q': 0.4362030930661031, '_version': '0.2.0'}, {'id': 'lzma', 'format': 1, 'check': -1, 'preset': 2147483657, 'filters': None})}	0.0347	0.0757
@Lagnajee	42.57	avg_snlwrfcs	default	SPERR (mean-bound tuned) + LZMA	0.1.0a1	{'id': 'combinators.stack', 'codecs': ({'id': 'sperr.rs', 'mode': 'q', 'q': 0.5656854249492381, '_version': '0.2.0'}, {'id': 'lzma', 'format': 1, 'check': -1, 'preset': 2147483657, 'filters': None})}	0.0549	0.1082
@Lagnajee	34.20	avg_snswrf	default	SPERR (mean-bound tuned) + LZMA	0.1.0a1	{'id': 'combinators.stack', 'codecs': ({'id': 'sperr.rs', 'mode': 'q', 'q': 0.8724061861322062, '_version': '0.2.0'}, {'id': 'lzma', 'format': 1, 'check': -1, 'preset': 2147483657, 'filters': None})}	0.0543	0.1205
@Lagnajee	44.50	avg_snswrfcs	default	FixedScaleOffset grid (mean-bound tuned) + LZMA	0.1.0a1	{'id': 'combinators.framed', 'codecs': ({'id': 'fixedscaleoffset', 'scale': 1.3632709929308653, 'offset': 0, 'dtype': '<f8', 'astype': '<i2'}, {'id': 'lzma', 'format': 3, 'check': -1, 'preset': None, 'filters': [{'id': 3, 'dist': 2}, {'id': 33, 'preset': 2147483657, 'lc': 1, 'lp': 1, 'pb': 1}]})}	0.0153	0.5248
@Lagnajee	802.89	avg_ssurfror	default	FixedScaleOffset grid (mean-bound tuned) + LZMA	0.1.0a1	{'id': 'combinators.framed', 'codecs': ({'id': 'fixedscaleoffset', 'scale': 31253.125312531254, 'offset': 0, 'dtype': '<f8', 'astype': '|i1'}, {'id': 'lzma', 'format': 3, 'check': -1, 'preset': None, 'filters': [{'id': 3, 'dist': 1}, {'id': 33, 'preset': 2147483657, 'lc': 1, 'lp': 1, 'pb': 1}]})}	0.0374	1.0723
@Lagnajee	1178.98	avg_surfror	default	FixedScaleOffset grid (mean-bound tuned) + LZMA	0.1.0a1	{'id': 'combinators.framed', 'codecs': ({'id': 'fixedscaleoffset', 'scale': 31253.125312531254, 'offset': 0, 'dtype': '<f8', 'astype': '|i1'}, {'id': 'lzma', 'format': 3, 'check': -1, 'preset': None, 'filters': [{'id': 3, 'dist': 1}, {'id': 33, 'preset': 2147483657, 'lc': 1, 'lp': 1, 'pb': 1}]})}	0.0497	1.1289
@Lagnajee	144.56	avg_tdswrf	default	FixedScaleOffset grid (mean-bound tuned) + LZMA	0.1.0a1	{'id': 'combinators.framed', 'codecs': ({'id': 'fixedscaleoffset', 'scale': 1.3632709929308653, 'offset': 0, 'dtype': '<f8', 'astype': '<i2'}, {'id': 'lzma', 'format': 3, 'check': -1, 'preset': None, 'filters': [{'id': 3, 'dist': 2}, {'id': 33, 'preset': 2147483657, 'lc': 1, 'lp': 1, 'pb': 1}]})}	0.0153	0.7301
@Lagnajee	24.32	avg_tnlwrf	default	SPERR (mean-bound tuned) + LZMA	0.1.0a1	{'id': 'combinators.stack', 'codecs': ({'id': 'sperr.rs', 'mode': 'q', 'q': 0.47568284600108846, '_version': '0.2.0'}, {'id': 'lzma', 'format': 1, 'check': -1, 'preset': 2147483657, 'filters': None})}	0.0379	0.0857
@Lagnajee	81.84	avg_tnlwrfcs	default	SPERR (mean-bound tuned) + LZMA	0.1.0a1	{'id': 'combinators.stack', 'codecs': ({'id': 'sperr.rs', 'mode': 'pwe', 'pwe': 0.5187358218604039, '_version': '0.2.0'}, {'id': 'lzma', 'format': 1, 'check': -1, 'preset': 2147483657, 'filters': None})}	0.0477	0.1178
@Lagnajee	23.53	avg_tnswrf	default	FixedScaleOffset grid (mean-bound tuned) + LZMA	0.1.0a1	{'id': 'combinators.framed', 'codecs': ({'id': 'fixedscaleoffset', 'scale': 1.3632709929308653, 'offset': 0, 'dtype': '<f8', 'astype': '<i2'}, {'id': 'lzma', 'format': 3, 'check': -1, 'preset': None, 'filters': [{'id': 3, 'dist': 2}, {'id': 33, 'preset': 2147483657, 'lc': 1, 'lp': 1, 'pb': 1}]})}	0.0184	0.4494
@Lagnajee	50.20	avg_tnswrfcs	default	FixedScaleOffset grid (mean-bound tuned) + LZMA	0.1.0a1	{'id': 'combinators.framed', 'codecs': ({'id': 'fixedscaleoffset', 'scale': 1.3632709929308653, 'offset': 0, 'dtype': '<f8', 'astype': '<i2'}, {'id': 'lzma', 'format': 3, 'check': -1, 'preset': None, 'filters': [{'id': 3, 'dist': 2}, {'id': 33, 'preset': 2147483657, 'lc': 1, 'lp': 1, 'pb': 1}]})}	0.0157	0.6917
@Lagnajee	24.80	avg_tprate	default	FixedScaleOffset grid (mean-bound tuned) + LZMA	0.1.0a1	{'id': 'combinators.framed', 'codecs': ({'id': 'fixedscaleoffset', 'scale': 592864.4796639531, 'offset': 0, 'dtype': '<f8', 'astype': '<i2'}, {'id': 'lzma', 'format': 3, 'check': -1, 'preset': None, 'filters': [{'id': 3, 'dist': 2}, {'id': 33, 'preset': 2147483657, 'lc': 1, 'lp': 1, 'pb': 1}]})}	0.0101	0.4648
@Lagnajee	126.73	avg_tsrwe	default	FixedScaleOffset grid (mean-bound tuned) + LZMA	0.1.0a1	{'id': 'combinators.framed', 'codecs': ({'id': 'fixedscaleoffset', 'scale': 1672413.0673241962, 'offset': 0, 'dtype': '<f8', 'astype': '<i2'}, {'id': 'lzma', 'format': 3, 'check': -1, 'preset': None, 'filters': [{'id': 3, 'dist': 2}, {'id': 33, 'preset': 2147483657, 'lc': 1, 'lp': 1, 'pb': 1}]})}	0.0258	0.8528
@Lagnajee	13.28	avg_vimdf	default	FixedScaleOffset grid (mean-bound tuned) + LZMA	0.1.0a1	{'id': 'combinators.framed', 'codecs': ({'id': 'fixedscaleoffset', 'scale': 190127.11918948792, 'offset': 0, 'dtype': '<f8', 'astype': '<i2'}, {'id': 'lzma', 'format': 3, 'check': -1, 'preset': None, 'filters': [{'id': 3, 'dist': 2}, {'id': 33, 'preset': 2147483657, 'lc': 1, 'lp': 1, 'pb': 1}]})}	0.0126	0.3573
@Lagnajee	59.43	bfi	default	FixedScaleOffset grid (mean-bound tuned) + LZMA	0.1.0a1	{'id': 'mask.meta', 'mask': nan, 'codec': {'id': 'combinators.stack', 'codecs': ({'id': 'replace.filter', 'replacements': {'nan': 'finite_mean'}}, {'id': 'fixedscaleoffset', 'scale': 35.71785750003572, 'offset': 0, 'dtype': '<f8', 'astype': '<i2'}, {'id': 'lzma', 'format': 3, 'check': -1, 'preset': None, 'filters': [{'id': 3, 'dist': 2}, {'id': 33, 'preset': 2147483657, 'lc': 1, 'lp': 1, 'pb': 1}]})}, 'bitmap_codec': {'id': 'combinators.stack', 'codecs': ({'id': 'packbits'}, {'id': 'lzma', 'format': 1, 'check': -1, 'preset': 2147483657, 'filters': None})}}	0.0086	0.6489
@Lagnajee	62.85	bld	default	FixedScaleOffset grid (mean-bound tuned) + LZMA	0.1.0a1	{'id': 'combinators.framed', 'codecs': ({'id': 'fixedscaleoffset', 'scale': 0.00035717857500035716, 'offset': 0, 'dtype': '<f8', 'astype': '<i2'}, {'id': 'lzma', 'format': 3, 'check': -1, 'preset': None, 'filters': [{'id': 3, 'dist': 2}, {'id': 33, 'preset': 2147483657, 'lc': 1, 'lp': 1, 'pb': 1}]})}	0.0075	0.7269
@Lagnajee	24.73	blh	default	FixedScaleOffset grid (mean-bound tuned) + LZMA	0.1.0a1	{'id': 'combinators.framed', 'codecs': ({'id': 'fixedscaleoffset', 'scale': 0.05000500050005, 'offset': 0, 'dtype': '<f8', 'astype': '<i2'}, {'id': 'lzma', 'format': 3, 'check': -1, 'preset': None, 'filters': [{'id': 3, 'dist': 2}, {'id': 33, 'preset': 2147483657, 'lc': 1, 'lp': 1, 'pb': 1}]})}	0.0093	0.5199
@Lagnajee	32.42	cape	default	FixedScaleOffset grid (mean-bound tuned) + LZMA	0.1.0a1	{'id': 'combinators.framed', 'codecs': ({'id': 'fixedscaleoffset', 'scale': 0.1558468024006181, 'offset': 0, 'dtype': '<f8', 'astype': '<i2'}, {'id': 'lzma', 'format': 3, 'check': -1, 'preset': None, 'filters': [{'id': 3, 'dist': 2}, {'id': 33, 'preset': 2147483657, 'lc': 1, 'lp': 1, 'pb': 1}]})}	0.0100	0.5195
@Lagnajee	10.80	cbh	default	FixedScaleOffset grid (mean-bound tuned) + LZMA	0.1.0a1	{'id': 'mask.meta', 'mask': nan, 'codec': {'id': 'combinators.stack', 'codecs': ({'id': 'replace.filter', 'replacements': {'nan': 'finite_mean'}}, {'id': 'fixedscaleoffset', 'scale': 0.3571785750003572, 'offset': 0, 'dtype': '<f8', 'astype': '<i2'}, {'id': 'lzma', 'format': 3, 'check': -1, 'preset': None, 'filters': [{'id': 3, 'dist': 2}, {'id': 33, 'preset': 2147483657, 'lc': 1, 'lp': 1, 'pb': 1}]})}, 'bitmap_codec': {'id': 'combinators.stack', 'codecs': ({'id': 'packbits'}, {'id': 'lzma', 'format': 1, 'check': -1, 'preset': 2147483657, 'filters': None})}}	0.0109	0.2430
@Lagnajee	146.19	cdir	default	FixedScaleOffset grid (mean-bound tuned) + LZMA	0.1.0a1	{'id': 'combinators.framed', 'codecs': ({'id': 'fixedscaleoffset', 'scale': 4.9608135416716276e-05, 'offset': 0, 'dtype': '<f8', 'astype': '<i2'}, {'id': 'lzma', 'format': 3, 'check': -1, 'preset': None, 'filters': [{'id': 3, 'dist': 2}, {'id': 33, 'preset': 2147483657, 'lc': 1, 'lp': 1, 'pb': 1}]})}	0.0121	0.6236
@Lagnajee	34.16	cdww	default	PwRatio (mean-bound tuned) + LZMA	0.1.0a1	{'id': 'mask.meta', 'mask': nan, 'codec': {'id': 'combinators.stack', 'codecs': ({'id': 'replace.filter', 'replacements': {'nan': 'finite_mean'}}, {'id': 'pw_ratio', 'eb_ratio': 1.019, 'eb_abs_marker': '$eb_abs', 'log_codec': {'id': 'fixedscaleoffset', 'scale': 18.41530001266561, 'offset': 0, 'dtype': '<f8', 'astype': '<i2'}, 'sign_codec': {'id': 'zstd.rs', 'level': 19, '_version': '0.1.0'}}, {'id': 'lzma', 'format': 3, 'check': -1, 'preset': None, 'filters': [{'id': 3, 'dist': 2}, {'id': 33, 'preset': 2147483657, 'lc': 1, 'lp': 1, 'pb': 1}]})}, 'bitmap_codec': {'id': 'combinators.stack', 'codecs': ({'id': 'packbits'}, {'id': 'lzma', 'format': 1, 'check': -1, 'preset': 2147483657, 'filters': None})}}	0.0085	0.3705
@Lagnajee	52.21	chnk	default	FixedScaleOffset grid (mean-bound tuned) + LZMA	0.1.0a1	{'id': 'combinators.framed', 'codecs': ({'id': 'fixedscaleoffset', 'scale': 1673.2812202020261, 'offset': 0, 'dtype': '<f8', 'astype': '<i2'}, {'id': 'lzma', 'format': 3, 'check': -1, 'preset': None, 'filters': [{'id': 3, 'dist': 2}, {'id': 33, 'preset': 2147483657, 'lc': 1, 'lp': 1, 'pb': 1}]})}	0.0076	0.5072
@Lagnajee	299.01	ci	default	Recommended Safeguards + LZMA	0.1.0a1	"{'id': 'safeguards', 'codec': {'id': 'zero'}, 'safeguards': [{'kind': 'all', 'safeguards': [{'kind': 'all', 'safeguards': [{'kind': 'qoi_eb_pw', 'qoi': 'x >= c[""minimum""]', 'type': 'abs', 'eb': 0, 'qoi_dtype': 'lossless', 'early_bound': {'minimum': 0.0}}, {'kind': 'qoi_eb_pw', 'qoi': 'x <= c[""maximum""]', 'type': 'abs', 'eb': 0, 'qoi_dtype': 'lossless', 'early_bound': {'maximum': 1.0}}]}]}, {'kind': 'any', 'safeguards': [{'kind': 'all', 'safeguards': [{'kind': 'everywhere', 'safeguard': {'kind': 'eb', 'type': 'abs', 'eb': 0.05, 'equal_nan': False}}]}, {'kind': 'all', 'safeguards': [{'kind': 'everywhere', 'safeguard': {'kind': 'eb', 'type': 'rel', 'eb': 0.01, 'equal_nan': False}}, {'kind': 'eb', 'type': 'rel', 'eb': 0.05, 'equal_nan': False}]}]}], 'fixed_constants': {}, 'lossless': {'for_codec': None, 'for_corrections': {'id': 'combinators.best', 'codecs': ({'id': 'combinators.stack', 'codecs': ({'id': 'tokenize'}, {'id': 'bitmap-index', 'max_bitmaps': 1, 'cost_factor': 1}, {'id': 'shuffle.typed-byte'}, {'id': 'combinators.framed', 'codecs': ({'id': 'zstd', 'level': 3, 'checksum': False},)})}, {'id': 'combinators.stack', 'codecs': ({'id': 'delta.binary'}, {'id': 'tokenize'}, {'id': 'bitmap-index', 'max_bitmaps': 1, 'cost_factor': 1}, {'id': 'shuffle.typed-byte'}, {'id': 'combinators.framed', 'codecs': ({'id': 'zstd', 'level': 3, 'checksum': False},)})})}}, 'compute': {'unstable_iterative': False, 'unstable_lossless_corrections': False}, '_version': '1.0.0'}"	0.0017	0.1554
@Lagnajee	53.90	cin	default	FixedScaleOffset grid (mean-bound tuned) + LZMA	0.1.0a1	{'id': 'mask.meta', 'mask': nan, 'codec': {'id': 'combinators.stack', 'codecs': ({'id': 'replace.filter', 'replacements': {'nan': 'finite_mean'}}, {'id': 'fixedscaleoffset', 'scale': 0.25002500250025, 'offset': 0, 'dtype': '<f8', 'astype': '<i2'}, {'id': 'lzma', 'format': 3, 'check': -1, 'preset': None, 'filters': [{'id': 3, 'dist': 2}, {'id': 33, 'preset': 2147483657, 'lc': 1, 'lp': 1, 'pb': 1}]})}, 'bitmap_codec': {'id': 'combinators.stack', 'codecs': ({'id': 'packbits'}, {'id': 'lzma', 'format': 1, 'check': -1, 'preset': 2147483657, 'filters': None})}}	0.0129	0.4215
@Lagnajee	60.95	cl	default	FixedScaleOffset grid (mean-bound tuned) + LZMA	0.1.0a1	{'id': 'combinators.framed', 'codecs': ({'id': 'fixedscaleoffset', 'scale': 681.0788969860872, 'offset': 0, 'dtype': '<f8', 'astype': '<i2'}, {'id': 'lzma', 'format': 3, 'check': -1, 'preset': None, 'filters': [{'id': 3, 'dist': 2}, {'id': 33, 'preset': 2147483657, 'lc': 1, 'lp': 1, 'pb': 1}]})}	0.0138	0.5083
@Lagnajee	141.66	cp	default	FixedScaleOffset grid (mean-bound tuned) + LZMA	0.1.0a1	{'id': 'combinators.framed', 'codecs': ({'id': 'fixedscaleoffset', 'scale': 6250.62506250625, 'offset': 0, 'dtype': '<f8', 'astype': '|i1'}, {'id': 'lzma', 'format': 3, 'check': -1, 'preset': None, 'filters': [{'id': 3, 'dist': 1}, {'id': 33, 'preset': 2147483657, 'lc': 1, 'lp': 1, 'pb': 1}]})}	0.0177	0.6809
@Lagnajee	34.23	crr	default	FixedScaleOffset grid (mean-bound tuned) + LZMA	0.1.0a1	{'id': 'combinators.framed', 'codecs': ({'id': 'fixedscaleoffset', 'scale': 654181.7118716921, 'offset': 0, 'dtype': '<f8', 'astype': '<i2'}, {'id': 'lzma', 'format': 3, 'check': -1, 'preset': None, 'filters': [{'id': 3, 'dist': 2}, {'id': 33, 'preset': 2147483657, 'lc': 1, 'lp': 1, 'pb': 1}]})}	0.0071	0.3648
@Lagnajee	541.84	csf	default	Recommended Safeguards + LZMA	0.1.0a1	"{'id': 'safeguards', 'codec': {'id': 'zero'}, 'safeguards': [{'kind': 'all', 'safeguards': [{'kind': 'qoi_eb_pw', 'qoi': 'x >= c[""minimum""]', 'type': 'abs', 'eb': 0, 'qoi_dtype': 'lossless', 'early_bound': {'minimum': 0.0}}]}, {'kind': 'any', 'safeguards': [{'kind': 'all', 'safeguards': [{'kind': 'everywhere', 'safeguard': {'kind': 'eb', 'type': 'abs', 'eb': 1e-05, 'equal_nan': False}}]}]}], 'fixed_constants': {}, 'lossless': {'for_codec': None, 'for_corrections': {'id': 'combinators.best', 'codecs': ({'id': 'combinators.stack', 'codecs': ({'id': 'tokenize'}, {'id': 'bitmap-index', 'max_bitmaps': 1, 'cost_factor': 1}, {'id': 'shuffle.typed-byte'}, {'id': 'combinators.framed', 'codecs': ({'id': 'zstd', 'level': 3, 'checksum': False},)})}, {'id': 'combinators.stack', 'codecs': ({'id': 'delta.binary'}, {'id': 'tokenize'}, {'id': 'bitmap-index', 'max_bitmaps': 1, 'cost_factor': 1}, {'id': 'shuffle.typed-byte'}, {'id': 'combinators.framed', 'codecs': ({'id': 'zstd', 'level': 3, 'checksum': False},)})})}}, 'compute': {'unstable_iterative': False, 'unstable_lossless_corrections': False}, '_version': '1.0.0'}"	0.0035	0.2177
@Lagnajee	355.12	csfr	default	PwRatio (mean-bound tuned) + LZMA	0.1.0a1	{'id': 'combinators.stack', 'codecs': ({'id': 'pw_ratio', 'eb_ratio': 1.019, 'eb_abs_marker': '$eb_abs', 'log_codec': {'id': 'fixedscaleoffset', 'scale': 18.41530001266561, 'offset': 0, 'dtype': '<f8', 'astype': '<i2'}, 'sign_codec': {'id': 'zstd.rs', 'level': 19, '_version': '0.1.0'}}, {'id': 'lzma', 'format': 3, 'check': -1, 'preset': None, 'filters': [{'id': 3, 'dist': 2}, {'id': 33, 'preset': 2147483657, 'lc': 1, 'lp': 1, 'pb': 1}]})}	0.0359	0.3324
@Lagnajee	95.23	cvh	default	FixedScaleOffset grid (mean-bound tuned) + LZMA	0.1.0a1	{'id': 'combinators.framed', 'codecs': ({'id': 'fixedscaleoffset', 'scale': 75.32548768393929, 'offset': 0, 'dtype': '<f8', 'astype': '|i1'}, {'id': 'lzma', 'format': 3, 'check': -1, 'preset': None, 'filters': [{'id': 3, 'dist': 1}, {'id': 33, 'preset': 2147483657, 'lc': 1, 'lp': 1, 'pb': 1}]})}	0.0214	0.5994
@Lagnajee	89.89	cvl	default	FixedScaleOffset grid (mean-bound tuned) + LZMA	0.1.0a1	{'id': 'combinators.framed', 'codecs': ({'id': 'fixedscaleoffset', 'scale': 41.01221071644067, 'offset': 0, 'dtype': '<f8', 'astype': '|i1'}, {'id': 'lzma', 'format': 3, 'check': -1, 'preset': None, 'filters': [{'id': 3, 'dist': 1}, {'id': 33, 'preset': 2147483657, 'lc': 1, 'lp': 1, 'pb': 1}]})}	0.0208	0.5911
@Lagnajee	38.98	dctb	default	FixedScaleOffset grid (mean-bound tuned) + LZMA	0.1.0a1	{'id': 'combinators.framed', 'codecs': ({'id': 'fixedscaleoffset', 'scale': 0.1646472333430289, 'offset': 0, 'dtype': '<f8', 'astype': '<i2'}, {'id': 'lzma', 'format': 3, 'check': -1, 'preset': None, 'filters': [{'id': 3, 'dist': 2}, {'id': 33, 'preset': 2147483657, 'lc': 1, 'lp': 1, 'pb': 1}]})}	0.0078	0.4329
@Lagnajee	21.15	deg0l	default	FixedScaleOffset grid (mean-bound tuned) + LZMA	0.1.0a1	{'id': 'combinators.framed', 'codecs': ({'id': 'fixedscaleoffset', 'scale': 0.25002500250025, 'offset': 0, 'dtype': '<f8', 'astype': '<i2'}, {'id': 'lzma', 'format': 3, 'check': -1, 'preset': None, 'filters': [{'id': 3, 'dist': 2}, {'id': 33, 'preset': 2147483657, 'lc': 1, 'lp': 1, 'pb': 1}]})}	0.0058	0.3362
@Lagnajee	8.10	dl	default	FixedScaleOffset grid (mean-bound tuned) + LZMA	0.1.0a1	{'id': 'combinators.framed', 'codecs': ({'id': 'fixedscaleoffset', 'scale': 3.571785750003572, 'offset': 0, 'dtype': '<f8', 'astype': '<i2'}, {'id': 'lzma', 'format': 3, 'check': -1, 'preset': None, 'filters': [{'id': 3, 'dist': 2}, {'id': 33, 'preset': 2147483657, 'lc': 1, 'lp': 1, 'pb': 1}]})}	0.0083	0.1961
@Lagnajee	51.42	dndza	default	FixedScaleOffset grid (mean-bound tuned) + LZMA	0.1.0a1	{'id': 'combinators.framed', 'codecs': ({'id': 'fixedscaleoffset', 'scale': 22.12453054735005, 'offset': 0, 'dtype': '<f8', 'astype': '|i1'}, {'id': 'lzma', 'format': 3, 'check': -1, 'preset': None, 'filters': [{'id': 3, 'dist': 1}, {'id': 33, 'preset': 2147483657, 'lc': 1, 'lp': 1, 'pb': 1}]})}	0.0164	0.5613
@Lagnajee	50.21	dndzn	default	FixedScaleOffset grid (mean-bound tuned) + LZMA	0.1.0a1	{'id': 'combinators.framed', 'codecs': ({'id': 'fixedscaleoffset', 'scale': 21.9320946306672, 'offset': 0, 'dtype': '<f8', 'astype': '|i1'}, {'id': 'lzma', 'format': 3, 'check': -1, 'preset': None, 'filters': [{'id': 3, 'dist': 1}, {'id': 33, 'preset': 2147483657, 'lc': 1, 'lp': 1, 'pb': 1}]})}	0.0165	0.5242
@Lagnajee	15.13	dwi	default	FixedScaleOffset grid (mean-bound tuned) + LZMA	0.1.0a1	{'id': 'mask.meta', 'mask': nan, 'codec': {'id': 'combinators.stack', 'codecs': ({'id': 'replace.filter', 'replacements': {'nan': 'finite_mean'}}, {'id': 'fixedscaleoffset', 'scale': 2.5002500250025, 'offset': 0, 'dtype': '<f8', 'astype': '<i2'}, {'id': 'lzma', 'format': 3, 'check': -1, 'preset': None, 'filters': [{'id': 3, 'dist': 2}, {'id': 33, 'preset': 2147483657, 'lc': 1, 'lp': 1, 'pb': 1}]})}, 'bitmap_codec': {'id': 'combinators.stack', 'codecs': ({'id': 'packbits'}, {'id': 'lzma', 'format': 1, 'check': -1, 'preset': 2147483657, 'filters': None})}}	0.0086	0.2732
@Lagnajee	43.69	dwps	default	FixedScaleOffset grid (mean-bound tuned) + LZMA	0.1.0a1	{'id': 'mask.meta', 'mask': nan, 'codec': {'id': 'combinators.stack', 'codecs': ({'id': 'replace.filter', 'replacements': {'nan': 'finite_mean'}}, {'id': 'fixedscaleoffset', 'scale': 35.71785750003572, 'offset': 0, 'dtype': '<f8', 'astype': '|i1'}, {'id': 'lzma', 'format': 3, 'check': -1, 'preset': None, 'filters': [{'id': 3, 'dist': 1}, {'id': 33, 'preset': 2147483657, 'lc': 1, 'lp': 1, 'pb': 1}]})}, 'bitmap_codec': {'id': 'combinators.stack', 'codecs': ({'id': 'packbits'}, {'id': 'lzma', 'format': 1, 'check': -1, 'preset': 2147483657, 'filters': None})}}	0.0140	0.5473
@Lagnajee	30.91	dwww	default	FixedScaleOffset grid (mean-bound tuned) + LZMA	0.1.0a1	{'id': 'mask.meta', 'mask': nan, 'codec': {'id': 'combinators.stack', 'codecs': ({'id': 'replace.filter', 'replacements': {'nan': 'finite_mean'}}, {'id': 'fixedscaleoffset', 'scale': 35.71785750003572, 'offset': 0, 'dtype': '<f8', 'astype': '|i1'}, {'id': 'lzma', 'format': 3, 'check': -1, 'preset': None, 'filters': [{'id': 3, 'dist': 1}, {'id': 33, 'preset': 2147483657, 'lc': 1, 'lp': 1, 'pb': 1}]})}, 'bitmap_codec': {'id': 'combinators.stack', 'codecs': ({'id': 'packbits'}, {'id': 'lzma', 'format': 1, 'check': -1, 'preset': 2147483657, 'filters': None})}}	0.0164	0.4537
@Lagnajee	23.31	e	default	FixedScaleOffset grid (mean-bound tuned) + LZMA	0.1.0a1	{'id': 'combinators.framed', 'codecs': ({'id': 'fixedscaleoffset', 'scale': 248805.80217051206, 'offset': 0, 'dtype': '<f8', 'astype': '<i2'}, {'id': 'lzma', 'format': 3, 'check': -1, 'preset': None, 'filters': [{'id': 3, 'dist': 2}, {'id': 33, 'preset': 2147483657, 'lc': 1, 'lp': 1, 'pb': 1}]})}	0.0108	0.4917
@Lagnajee	717.26	es	default	FixedScaleOffset grid (mean-bound tuned) + LZMA	0.1.0a1	{'id': 'combinators.framed', 'codecs': ({'id': 'fixedscaleoffset', 'scale': 975949.9568852868, 'offset': 0, 'dtype': '<f8', 'astype': '|i1'}, {'id': 'lzma', 'format': 3, 'check': -1, 'preset': None, 'filters': [{'id': 3, 'dist': 1}, {'id': 33, 'preset': 2147483657, 'lc': 1, 'lp': 1, 'pb': 1}]})}	0.0510	1.2677
@Lagnajee	112.81	ewss	default	FixedScaleOffset grid (mean-bound tuned) + LZMA	0.1.0a1	{'id': 'combinators.framed', 'codecs': ({'id': 'fixedscaleoffset', 'scale': 0.0025002500250025004, 'offset': 0, 'dtype': '<f8', 'astype': '|i1'}, {'id': 'lzma', 'format': 3, 'check': -1, 'preset': None, 'filters': [{'id': 3, 'dist': 1}, {'id': 33, 'preset': 2147483657, 'lc': 1, 'lp': 1, 'pb': 1}]})}	0.0157	0.8410
@Lagnajee	181.93	fal	default	FixedScaleOffset grid (mean-bound tuned) + LZMA	0.1.0a1	{'id': 'combinators.framed', 'codecs': ({'id': 'fixedscaleoffset', 'scale': 17.85892875001786, 'offset': 0, 'dtype': '<f8', 'astype': '|i1'}, {'id': 'lzma', 'format': 3, 'check': -1, 'preset': None, 'filters': [{'id': 3, 'dist': 1}, {'id': 33, 'preset': 2147483657, 'lc': 1, 'lp': 1, 'pb': 1}]})}	0.0191	0.9477
@Lagnajee	60.34	fdir	default	FixedScaleOffset grid (mean-bound tuned) + LZMA	0.1.0a1	{'id': 'combinators.framed', 'codecs': ({'id': 'fixedscaleoffset', 'scale': 3.4725694791701396e-05, 'offset': 0, 'dtype': '<f8', 'astype': '|i1'}, {'id': 'lzma', 'format': 3, 'check': -1, 'preset': None, 'filters': [{'id': 3, 'dist': 1}, {'id': 33, 'preset': 2147483657, 'lc': 1, 'lp': 1, 'pb': 1}]})}	0.0279	0.8314
@Lagnajee	50.48	flsr	default	FixedScaleOffset grid (mean-bound tuned) + LZMA	0.1.0a1	{'id': 'combinators.framed', 'codecs': ({'id': 'fixedscaleoffset', 'scale': 4.1044767854067885, 'offset': 0, 'dtype': '<f8', 'astype': '|i1'}, {'id': 'lzma', 'format': 3, 'check': -1, 'preset': None, 'filters': [{'id': 3, 'dist': 1}, {'id': 33, 'preset': 2147483657, 'lc': 1, 'lp': 1, 'pb': 1}]})}	0.0134	0.5404
@Lagnajee	60.11	fsr	default	FixedScaleOffset grid (mean-bound tuned) + LZMA	0.1.0a1	{'id': 'combinators.framed', 'codecs': ({'id': 'fixedscaleoffset', 'scale': 61.670431009914154, 'offset': 0, 'dtype': '<f8', 'astype': '<i2'}, {'id': 'lzma', 'format': 3, 'check': -1, 'preset': None, 'filters': [{'id': 3, 'dist': 2}, {'id': 33, 'preset': 2147483657, 'lc': 1, 'lp': 1, 'pb': 1}]})}	0.0137	0.4893
@Lagnajee	230.40	gwd	default	Recommended Safeguards + LZMA	0.1.0a1	{'id': 'safeguards', 'codec': {'id': 'zero'}, 'safeguards': [{'kind': 'any', 'safeguards': [{'kind': 'all', 'safeguards': [{'kind': 'everywhere', 'safeguard': {'kind': 'eb', 'type': 'abs', 'eb': 1000.0, 'equal_nan': False}}]}]}], 'fixed_constants': {}, 'lossless': {'for_codec': None, 'for_corrections': {'id': 'combinators.best', 'codecs': ({'id': 'combinators.stack', 'codecs': ({'id': 'tokenize'}, {'id': 'bitmap-index', 'max_bitmaps': 1, 'cost_factor': 1}, {'id': 'shuffle.typed-byte'}, {'id': 'combinators.framed', 'codecs': ({'id': 'zstd', 'level': 3, 'checksum': False},)})}, {'id': 'combinators.stack', 'codecs': ({'id': 'delta.binary'}, {'id': 'tokenize'}, {'id': 'bitmap-index', 'max_bitmaps': 1, 'cost_factor': 1}, {'id': 'shuffle.typed-byte'}, {'id': 'combinators.framed', 'codecs': ({'id': 'zstd', 'level': 3, 'checksum': False},)})})}}, 'compute': {'unstable_iterative': False, 'unstable_lossless_corrections': False}, '_version': '1.0.0'}	0.0101	0.3742
@Lagnajee	31.75	hcc	default	FixedScaleOffset grid (mean-bound tuned) + LZMA	0.1.0a1	{'id': 'combinators.framed', 'codecs': ({'id': 'fixedscaleoffset', 'scale': 75.12890267239148, 'offset': 0, 'dtype': '<f8', 'astype': '|i1'}, {'id': 'lzma', 'format': 3, 'check': -1, 'preset': None, 'filters': [{'id': 3, 'dist': 1}, {'id': 33, 'preset': 2147483657, 'lc': 1, 'lp': 1, 'pb': 1}]})}	0.0130	0.4387
@Lagnajee	30.83	hmax	default	FixedScaleOffset grid (mean-bound tuned) + LZMA	0.1.0a1	{'id': 'mask.meta', 'mask': nan, 'codec': {'id': 'combinators.stack', 'codecs': ({'id': 'replace.filter', 'replacements': {'nan': 'finite_mean'}}, {'id': 'fixedscaleoffset', 'scale': 25.002500250025, 'offset': 0, 'dtype': '<f8', 'astype': '<i2'}, {'id': 'lzma', 'format': 3, 'check': -1, 'preset': None, 'filters': [{'id': 3, 'dist': 2}, {'id': 33, 'preset': 2147483657, 'lc': 1, 'lp': 1, 'pb': 1}]})}, 'bitmap_codec': {'id': 'combinators.stack', 'codecs': ({'id': 'packbits'}, {'id': 'lzma', 'format': 1, 'check': -1, 'preset': 2147483657, 'filters': None})}}	0.0084	0.3835
@Lagnajee	11.45	i10fg	default	FixedScaleOffset grid (mean-bound tuned) + LZMA	0.1.0a1	{'id': 'combinators.framed', 'codecs': ({'id': 'fixedscaleoffset', 'scale': 35.71785750003572, 'offset': 0, 'dtype': '<f8', 'astype': '<i2'}, {'id': 'lzma', 'format': 3, 'check': -1, 'preset': None, 'filters': [{'id': 3, 'dist': 2}, {'id': 33, 'preset': 2147483657, 'lc': 1, 'lp': 1, 'pb': 1}]})}	0.0129	0.3031
@Lagnajee	23.61	ie	default	FixedScaleOffset grid (mean-bound tuned) + LZMA	0.1.0a1	{'id': 'combinators.framed', 'codecs': ({'id': 'fixedscaleoffset', 'scale': 886513.9677477969, 'offset': 0, 'dtype': '<f8', 'astype': '<i2'}, {'id': 'lzma', 'format': 3, 'check': -1, 'preset': None, 'filters': [{'id': 3, 'dist': 2}, {'id': 33, 'preset': 2147483657, 'lc': 1, 'lp': 1, 'pb': 1}]})}	0.0107	0.4860
@Lagnajee	21.00	iews	default	FixedScaleOffset grid (mean-bound tuned) + LZMA	0.1.0a1	{'id': 'combinators.framed', 'codecs': ({'id': 'fixedscaleoffset', 'scale': 251.69450042786795, 'offset': 0, 'dtype': '<f8', 'astype': '<i2'}, {'id': 'lzma', 'format': 3, 'check': -1, 'preset': None, 'filters': [{'id': 3, 'dist': 2}, {'id': 33, 'preset': 2147483657, 'lc': 1, 'lp': 1, 'pb': 1}]})}	0.0092	0.4370
@Lagnajee	27.07	ilspf	default	FixedScaleOffset grid (mean-bound tuned) + LZMA	0.1.0a1	{'id': 'combinators.framed', 'codecs': ({'id': 'fixedscaleoffset', 'scale': 69.36228516153045, 'offset': 0, 'dtype': '<f8', 'astype': '|i1'}, {'id': 'lzma', 'format': 3, 'check': -1, 'preset': None, 'filters': [{'id': 3, 'dist': 1}, {'id': 33, 'preset': 2147483657, 'lc': 1, 'lp': 1, 'pb': 1}]})}	0.0227	0.4308
@Lagnajee	21.11	inss	default	FixedScaleOffset grid (mean-bound tuned) + LZMA	0.1.0a1	{'id': 'combinators.framed', 'codecs': ({'id': 'fixedscaleoffset', 'scale': 277.1045893713633, 'offset': 0, 'dtype': '<f8', 'astype': '<i2'}, {'id': 'lzma', 'format': 3, 'check': -1, 'preset': None, 'filters': [{'id': 3, 'dist': 2}, {'id': 33, 'preset': 2147483657, 'lc': 1, 'lp': 1, 'pb': 1}]})}	0.0040	0.3486
@Lagnajee	12.48	ishf	default	FixedScaleOffset grid (mean-bound tuned) + LZMA	0.1.0a1	{'id': 'combinators.framed', 'codecs': ({'id': 'fixedscaleoffset', 'scale': 3.571785750003572, 'offset': 0, 'dtype': '<f8', 'astype': '<i2'}, {'id': 'lzma', 'format': 3, 'check': -1, 'preset': None, 'filters': [{'id': 3, 'dist': 2}, {'id': 33, 'preset': 2147483657, 'lc': 1, 'lp': 1, 'pb': 1}]})}	0.0036	0.2577
@Lagnajee	57.75	isor	default	Recommended Safeguards + LZMA	0.1.0a1	"{'id': 'safeguards', 'codec': {'id': 'zero'}, 'safeguards': [{'kind': 'all', 'safeguards': [{'kind': 'qoi_eb_pw', 'qoi': 'x >= c[""minimum""]', 'type': 'abs', 'eb': 0, 'qoi_dtype': 'lossless', 'early_bound': {'minimum': 0.0}}]}, {'kind': 'any', 'safeguards': [{'kind': 'all', 'safeguards': [{'kind': 'everywhere', 'safeguard': {'kind': 'eb', 'type': 'abs', 'eb': 0.05, 'equal_nan': False}}]}, {'kind': 'all', 'safeguards': [{'kind': 'everywhere', 'safeguard': {'kind': 'eb', 'type': 'rel', 'eb': 0.01, 'equal_nan': False}}]}]}], 'fixed_constants': {}, 'lossless': {'for_codec': None, 'for_corrections': {'id': 'combinators.best', 'codecs': ({'id': 'combinators.stack', 'codecs': ({'id': 'tokenize'}, {'id': 'bitmap-index', 'max_bitmaps': 1, 'cost_factor': 1}, {'id': 'shuffle.typed-byte'}, {'id': 'combinators.framed', 'codecs': ({'id': 'zstd', 'level': 3, 'checksum': False},)})}, {'id': 'combinators.stack', 'codecs': ({'id': 'delta.binary'}, {'id': 'tokenize'}, {'id': 'bitmap-index', 'max_bitmaps': 1, 'cost_factor': 1}, {'id': 'shuffle.typed-byte'}, {'id': 'combinators.framed', 'codecs': ({'id': 'zstd', 'level': 3, 'checksum': False},)})})}}, 'compute': {'unstable_iterative': False, 'unstable_lossless_corrections': False}, '_version': '1.0.0'}"	0.0018	0.1586
@Lagnajee	1807.21	istl1	default	Recommended Safeguards + LZMA	0.1.0a1	{'id': 'safeguards', 'codec': {'id': 'zero'}, 'safeguards': [{'kind': 'any', 'safeguards': [{'kind': 'all', 'safeguards': [{'kind': 'everywhere', 'safeguard': {'kind': 'eb', 'type': 'abs', 'eb': 0.002, 'equal_nan': False}}]}, {'kind': 'all', 'safeguards': [{'kind': 'everywhere', 'safeguard': {'kind': 'eb', 'type': 'rel', 'eb': 0.01, 'equal_nan': False}}]}]}], 'fixed_constants': {}, 'lossless': {'for_codec': None, 'for_corrections': {'id': 'combinators.best', 'codecs': ({'id': 'combinators.stack', 'codecs': ({'id': 'tokenize'}, {'id': 'bitmap-index', 'max_bitmaps': 1, 'cost_factor': 1}, {'id': 'shuffle.typed-byte'}, {'id': 'combinators.framed', 'codecs': ({'id': 'zstd', 'level': 3, 'checksum': False},)})}, {'id': 'combinators.stack', 'codecs': ({'id': 'delta.binary'}, {'id': 'tokenize'}, {'id': 'bitmap-index', 'max_bitmaps': 1, 'cost_factor': 1}, {'id': 'shuffle.typed-byte'}, {'id': 'combinators.framed', 'codecs': ({'id': 'zstd', 'level': 3, 'checksum': False},)})})}}, 'compute': {'unstable_iterative': False, 'unstable_lossless_corrections': False}, '_version': '1.0.0'}	0.0032	0.1106
@Lagnajee	2021.89	istl2	default	Recommended Safeguards + LZMA	0.1.0a1	{'id': 'safeguards', 'codec': {'id': 'zero'}, 'safeguards': [{'kind': 'any', 'safeguards': [{'kind': 'all', 'safeguards': [{'kind': 'everywhere', 'safeguard': {'kind': 'eb', 'type': 'abs', 'eb': 0.002, 'equal_nan': False}}]}, {'kind': 'all', 'safeguards': [{'kind': 'everywhere', 'safeguard': {'kind': 'eb', 'type': 'rel', 'eb': 0.01, 'equal_nan': False}}]}]}], 'fixed_constants': {}, 'lossless': {'for_codec': None, 'for_corrections': {'id': 'combinators.best', 'codecs': ({'id': 'combinators.stack', 'codecs': ({'id': 'tokenize'}, {'id': 'bitmap-index', 'max_bitmaps': 1, 'cost_factor': 1}, {'id': 'shuffle.typed-byte'}, {'id': 'combinators.framed', 'codecs': ({'id': 'zstd', 'level': 3, 'checksum': False},)})}, {'id': 'combinators.stack', 'codecs': ({'id': 'delta.binary'}, {'id': 'tokenize'}, {'id': 'bitmap-index', 'max_bitmaps': 1, 'cost_factor': 1}, {'id': 'shuffle.typed-byte'}, {'id': 'combinators.framed', 'codecs': ({'id': 'zstd', 'level': 3, 'checksum': False},)})})}}, 'compute': {'unstable_iterative': False, 'unstable_lossless_corrections': False}, '_version': '1.0.0'}	0.0033	0.1500
@Lagnajee	2909.25	istl3	default	Recommended Safeguards + LZMA	0.1.0a1	{'id': 'safeguards', 'codec': {'id': 'zero'}, 'safeguards': [{'kind': 'any', 'safeguards': [{'kind': 'all', 'safeguards': [{'kind': 'everywhere', 'safeguard': {'kind': 'eb', 'type': 'abs', 'eb': 0.002, 'equal_nan': False}}]}, {'kind': 'all', 'safeguards': [{'kind': 'everywhere', 'safeguard': {'kind': 'eb', 'type': 'rel', 'eb': 0.01, 'equal_nan': False}}]}]}], 'fixed_constants': {}, 'lossless': {'for_codec': None, 'for_corrections': {'id': 'combinators.best', 'codecs': ({'id': 'combinators.stack', 'codecs': ({'id': 'tokenize'}, {'id': 'bitmap-index', 'max_bitmaps': 1, 'cost_factor': 1}, {'id': 'shuffle.typed-byte'}, {'id': 'combinators.framed', 'codecs': ({'id': 'zstd', 'level': 3, 'checksum': False},)})}, {'id': 'combinators.stack', 'codecs': ({'id': 'delta.binary'}, {'id': 'tokenize'}, {'id': 'bitmap-index', 'max_bitmaps': 1, 'cost_factor': 1}, {'id': 'shuffle.typed-byte'}, {'id': 'combinators.framed', 'codecs': ({'id': 'zstd', 'level': 3, 'checksum': False},)})})}}, 'compute': {'unstable_iterative': False, 'unstable_lossless_corrections': False}, '_version': '1.0.0'}	0.0037	0.1310
@Lagnajee	484.68	istl4	default	FixedScaleOffset grid (mean-bound tuned) + LZMA	0.1.0a1	{'id': 'combinators.framed', 'codecs': ({'id': 'fixedscaleoffset', 'scale': 15.626562656265627, 'offset': 0, 'dtype': '<f8', 'astype': '<i2'}, {'id': 'lzma', 'format': 3, 'check': -1, 'preset': None, 'filters': [{'id': 3, 'dist': 2}, {'id': 33, 'preset': 2147483657, 'lc': 1, 'lp': 1, 'pb': 1}]})}	0.0363	0.5334
@Lagnajee	18.97	kx	default	FixedScaleOffset grid (mean-bound tuned) + LZMA	0.1.0a1	{'id': 'combinators.framed', 'codecs': ({'id': 'fixedscaleoffset', 'scale': 3.571785750003572, 'offset': 0, 'dtype': '<f8', 'astype': '<i2'}, {'id': 'lzma', 'format': 3, 'check': -1, 'preset': None, 'filters': [{'id': 3, 'dist': 2}, {'id': 33, 'preset': 2147483657, 'lc': 1, 'lp': 1, 'pb': 1}]})}	0.0059	0.2984
@Lagnajee	80.12	lai_hv	default	FixedScaleOffset grid (mean-bound tuned) + LZMA	0.1.0a1	{'id': 'combinators.framed', 'codecs': ({'id': 'fixedscaleoffset', 'scale': 8.976331951917011, 'offset': 0, 'dtype': '<f8', 'astype': '|i1'}, {'id': 'lzma', 'format': 3, 'check': -1, 'preset': None, 'filters': [{'id': 3, 'dist': 1}, {'id': 33, 'preset': 2147483657, 'lc': 1, 'lp': 1, 'pb': 1}]})}	0.0202	0.5082
@Lagnajee	64.56	lai_lv	default	FixedScaleOffset grid (mean-bound tuned) + LZMA	0.1.0a1	{'id': 'combinators.framed', 'codecs': ({'id': 'fixedscaleoffset', 'scale': 19.51477831634632, 'offset': 0, 'dtype': '<f8', 'astype': '|i1'}, {'id': 'lzma', 'format': 3, 'check': -1, 'preset': None, 'filters': [{'id': 3, 'dist': 1}, {'id': 33, 'preset': 2147483657, 'lc': 1, 'lp': 1, 'pb': 1}]})}	0.0232	0.6734
@Lagnajee	337.28	lblt	default	FixedScaleOffset grid (mean-bound tuned) + LZMA	0.1.0a1	{'id': 'combinators.framed', 'codecs': ({'id': 'fixedscaleoffset', 'scale': 0.08727404732402026, 'offset': 0, 'dtype': '<f8', 'astype': '|i1'}, {'id': 'lzma', 'format': 3, 'check': -1, 'preset': None, 'filters': [{'id': 3, 'dist': 1}, {'id': 33, 'preset': 2147483657, 'lc': 1, 'lp': 1, 'pb': 1}]})}	0.0226	0.7963
@Lagnajee	23.57	lcc	default	FixedScaleOffset grid (mean-bound tuned) + LZMA	0.1.0a1	{'id': 'combinators.framed', 'codecs': ({'id': 'fixedscaleoffset', 'scale': 58.06502913767553, 'offset': 0, 'dtype': '<f8', 'astype': '|i1'}, {'id': 'lzma', 'format': 3, 'check': -1, 'preset': None, 'filters': [{'id': 3, 'dist': 1}, {'id': 33, 'preset': 2147483657, 'lc': 1, 'lp': 1, 'pb': 1}]})}	0.0135	0.3917
@Lagnajee	177.57	lgws	default	Recommended Safeguards + LZMA	0.1.0a1	{'id': 'safeguards', 'codec': {'id': 'zero'}, 'safeguards': [{'kind': 'any', 'safeguards': [{'kind': 'all', 'safeguards': [{'kind': 'everywhere', 'safeguard': {'kind': 'eb', 'type': 'abs', 'eb': 100.0, 'equal_nan': False}}]}]}], 'fixed_constants': {}, 'lossless': {'for_codec': None, 'for_corrections': {'id': 'combinators.best', 'codecs': ({'id': 'combinators.stack', 'codecs': ({'id': 'tokenize'}, {'id': 'bitmap-index', 'max_bitmaps': 1, 'cost_factor': 1}, {'id': 'shuffle.typed-byte'}, {'id': 'combinators.framed', 'codecs': ({'id': 'zstd', 'level': 3, 'checksum': False},)})}, {'id': 'combinators.stack', 'codecs': ({'id': 'delta.binary'}, {'id': 'tokenize'}, {'id': 'bitmap-index', 'max_bitmaps': 1, 'cost_factor': 1}, {'id': 'shuffle.typed-byte'}, {'id': 'combinators.framed', 'codecs': ({'id': 'zstd', 'level': 3, 'checksum': False},)})})}}, 'compute': {'unstable_iterative': False, 'unstable_lossless_corrections': False}, '_version': '1.0.0'}	0.0116	0.3313
@Lagnajee	530.97	licd	default	FixedScaleOffset grid (mean-bound tuned) + LZMA	0.1.0a1	{'id': 'combinators.framed', 'codecs': ({'id': 'fixedscaleoffset', 'scale': 26.448336311137655, 'offset': 0, 'dtype': '<f8', 'astype': '|i1'}, {'id': 'lzma', 'format': 3, 'check': -1, 'preset': None, 'filters': [{'id': 3, 'dist': 1}, {'id': 33, 'preset': 2147483657, 'lc': 1, 'lp': 1, 'pb': 1}]})}	0.0434	0.8111
@Lagnajee	1666.85	lict	default	PwRatio (mean-bound tuned) + LZMA	0.1.0a1	{'id': 'combinators.stack', 'codecs': ({'id': 'pw_ratio', 'eb_ratio': 1.019, 'eb_abs_marker': '$eb_abs', 'log_codec': {'id': 'fixedscaleoffset', 'scale': 18.41530001266561, 'offset': 0, 'dtype': '<f8', 'astype': '<i2'}, 'sign_codec': {'id': 'zstd.rs', 'level': 19, '_version': '0.1.0'}}, {'id': 'lzma', 'format': 3, 'check': -1, 'preset': None, 'filters': [{'id': 3, 'dist': 2}, {'id': 33, 'preset': 2147483657, 'lc': 1, 'lp': 1, 'pb': 1}]})}	0.0323	0.3047
@Lagnajee	63.05	lmld	default	FixedScaleOffset grid (mean-bound tuned) + LZMA	0.1.0a1	{'id': 'combinators.framed', 'codecs': ({'id': 'fixedscaleoffset', 'scale': 0.892946437500893, 'offset': 0, 'dtype': '<f8', 'astype': '|i1'}, {'id': 'lzma', 'format': 3, 'check': -1, 'preset': None, 'filters': [{'id': 3, 'dist': 1}, {'id': 33, 'preset': 2147483657, 'lc': 1, 'lp': 1, 'pb': 1}]})}	0.0180	0.7667
@Lagnajee	483.94	lmlt	default	FixedScaleOffset grid (mean-bound tuned) + LZMA	0.1.0a1	{'id': 'combinators.framed', 'codecs': ({'id': 'fixedscaleoffset', 'scale': 0.08710992475857511, 'offset': 0, 'dtype': '<f8', 'astype': '|i1'}, {'id': 'lzma', 'format': 3, 'check': -1, 'preset': None, 'filters': [{'id': 3, 'dist': 1}, {'id': 33, 'preset': 2147483657, 'lc': 1, 'lp': 1, 'pb': 1}]})}	0.0232	0.7414
@Lagnajee	2172.62	lsf	default	FixedScaleOffset grid (mean-bound tuned) + LZMA	0.1.0a1	{'id': 'combinators.framed', 'codecs': ({'id': 'fixedscaleoffset', 'scale': 3125.312531253125, 'offset': 0, 'dtype': '<f8', 'astype': '|i1'}, {'id': 'lzma', 'format': 3, 'check': -1, 'preset': None, 'filters': [{'id': 3, 'dist': 1}, {'id': 33, 'preset': 2147483657, 'lc': 1, 'lp': 1, 'pb': 1}]})}	0.0566	0.8669
@Lagnajee	138.53	lshf	default	FixedScaleOffset grid (mean-bound tuned) + LZMA	0.1.0a1	{'id': 'combinators.framed', 'codecs': ({'id': 'fixedscaleoffset', 'scale': 53.999623694674575, 'offset': 0, 'dtype': '<f8', 'astype': '|i1'}, {'id': 'lzma', 'format': 3, 'check': -1, 'preset': None, 'filters': [{'id': 3, 'dist': 1}, {'id': 33, 'preset': 2147483657, 'lc': 1, 'lp': 1, 'pb': 1}]})}	0.0233	1.0139
@Lagnajee	12.11	lsm	default	Lossless + LZMA	0.1.0a1	{'id': 'combinators.framed', 'codecs': ({'id': 'lzma', 'format': 1, 'check': -1, 'preset': 2147483657, 'filters': None},)}	0.0056	0.2921
@Lagnajee	158.31	lsp	default	FixedScaleOffset grid (mean-bound tuned) + LZMA	0.1.0a1	{'id': 'combinators.framed', 'codecs': ({'id': 'fixedscaleoffset', 'scale': 8929.464375008929, 'offset': 0, 'dtype': '<f8', 'astype': '<i2'}, {'id': 'lzma', 'format': 3, 'check': -1, 'preset': None, 'filters': [{'id': 3, 'dist': 2}, {'id': 33, 'preset': 2147483657, 'lc': 1, 'lp': 1, 'pb': 1}]})}	0.0106	0.9414
@Lagnajee	16.40	lspf	default	PwRatio + LZMA	0.1.0a1	{'id': 'combinators.stack', 'codecs': ({'id': 'pw_ratio', 'eb_ratio': 1.01, 'eb_abs_marker': '$eb_abs', 'log_codec': {'id': 'fixedscaleoffset', 'scale': 34.83384183097051, 'offset': 0, 'dtype': '<f8', 'astype': '<i2'}, 'sign_codec': {'id': 'zstd.rs', 'level': 19, '_version': '0.1.0'}}, {'id': 'lzma', 'format': 3, 'check': -1, 'preset': None, 'filters': [{'id': 3, 'dist': 2}, {'id': 33, 'preset': 2147483657, 'lc': 1, 'lp': 1, 'pb': 1}]})}	0.0113	0.3077
@Lagnajee	35.62	lsrr	default	FixedScaleOffset grid (mean-bound tuned) + LZMA	0.1.0a1	{'id': 'combinators.framed', 'codecs': ({'id': 'fixedscaleoffset', 'scale': 977920.8743997255, 'offset': 0, 'dtype': '<f8', 'astype': '<i2'}, {'id': 'lzma', 'format': 3, 'check': -1, 'preset': None, 'filters': [{'id': 3, 'dist': 2}, {'id': 33, 'preset': 2147483657, 'lc': 1, 'lp': 1, 'pb': 1}]})}	0.0113	0.5211
@Lagnajee	134.86	lssfr	default	FixedScaleOffset grid (mean-bound tuned) + LZMA	0.1.0a1	{'id': 'combinators.framed', 'codecs': ({'id': 'fixedscaleoffset', 'scale': 1876029.2510427162, 'offset': 0, 'dtype': '<f8', 'astype': '<i2'}, {'id': 'lzma', 'format': 3, 'check': -1, 'preset': None, 'filters': [{'id': 3, 'dist': 2}, {'id': 33, 'preset': 2147483657, 'lc': 1, 'lp': 1, 'pb': 1}]})}	0.0263	0.9049
@Lagnajee	432.19	ltlt	default	FixedScaleOffset grid (mean-bound tuned) + LZMA	0.1.0a1	{'id': 'combinators.framed', 'codecs': ({'id': 'fixedscaleoffset', 'scale': 0.0871969076505487, 'offset': 0, 'dtype': '<f8', 'astype': '|i1'}, {'id': 'lzma', 'format': 3, 'check': -1, 'preset': None, 'filters': [{'id': 3, 'dist': 1}, {'id': 33, 'preset': 2147483657, 'lc': 1, 'lp': 1, 'pb': 1}]})}	0.0246	1.2172
@Lagnajee	27.75	mcc	default	FixedScaleOffset grid (mean-bound tuned) + LZMA	0.1.0a1	{'id': 'combinators.framed', 'codecs': ({'id': 'fixedscaleoffset', 'scale': 63.18778107196041, 'offset': 0, 'dtype': '<f8', 'astype': '|i1'}, {'id': 'lzma', 'format': 3, 'check': -1, 'preset': None, 'filters': [{'id': 3, 'dist': 1}, {'id': 33, 'preset': 2147483657, 'lc': 1, 'lp': 1, 'pb': 1}]})}	0.0155	0.4251
@Lagnajee	17.90	mdts	default	FixedScaleOffset grid (mean-bound tuned) + LZMA	0.1.0a1	{'id': 'mask.meta', 'mask': nan, 'codec': {'id': 'combinators.stack', 'codecs': ({'id': 'replace.filter', 'replacements': {'nan': 'finite_mean'}}, {'id': 'fixedscaleoffset', 'scale': 3.571785750003572, 'offset': 0, 'dtype': '<f8', 'astype': '<i2'}, {'id': 'lzma', 'format': 3, 'check': -1, 'preset': None, 'filters': [{'id': 3, 'dist': 2}, {'id': 33, 'preset': 2147483657, 'lc': 1, 'lp': 1, 'pb': 1}]})}, 'bitmap_codec': {'id': 'combinators.stack', 'codecs': ({'id': 'packbits'}, {'id': 'lzma', 'format': 1, 'check': -1, 'preset': 2147483657, 'filters': None})}}	0.0120	0.3786
@Lagnajee	17.22	mdww	default	FixedScaleOffset grid (mean-bound tuned) + LZMA	0.1.0a1	{'id': 'mask.meta', 'mask': nan, 'codec': {'id': 'combinators.stack', 'codecs': ({'id': 'replace.filter', 'replacements': {'nan': 'finite_mean'}}, {'id': 'fixedscaleoffset', 'scale': 2.5002500250025, 'offset': 0, 'dtype': '<f8', 'astype': '<i2'}, {'id': 'lzma', 'format': 3, 'check': -1, 'preset': None, 'filters': [{'id': 3, 'dist': 2}, {'id': 33, 'preset': 2147483657, 'lc': 1, 'lp': 1, 'pb': 1}]})}, 'bitmap_codec': {'id': 'combinators.stack', 'codecs': ({'id': 'packbits'}, {'id': 'lzma', 'format': 1, 'check': -1, 'preset': 2147483657, 'filters': None})}}	0.0120	0.3562
@Lagnajee	184.27	mgws	default	Recommended Safeguards + LZMA	0.1.0a1	{'id': 'safeguards', 'codec': {'id': 'zero'}, 'safeguards': [{'kind': 'any', 'safeguards': [{'kind': 'all', 'safeguards': [{'kind': 'everywhere', 'safeguard': {'kind': 'eb', 'type': 'abs', 'eb': 100.0, 'equal_nan': False}}]}]}], 'fixed_constants': {}, 'lossless': {'for_codec': None, 'for_corrections': {'id': 'combinators.best', 'codecs': ({'id': 'combinators.stack', 'codecs': ({'id': 'tokenize'}, {'id': 'bitmap-index', 'max_bitmaps': 1, 'cost_factor': 1}, {'id': 'shuffle.typed-byte'}, {'id': 'combinators.framed', 'codecs': ({'id': 'zstd', 'level': 3, 'checksum': False},)})}, {'id': 'combinators.stack', 'codecs': ({'id': 'delta.binary'}, {'id': 'tokenize'}, {'id': 'bitmap-index', 'max_bitmaps': 1, 'cost_factor': 1}, {'id': 'shuffle.typed-byte'}, {'id': 'combinators.framed', 'codecs': ({'id': 'zstd', 'level': 3, 'checksum': False},)})})}}, 'compute': {'unstable_iterative': False, 'unstable_lossless_corrections': False}, '_version': '1.0.0'}	0.0128	0.3326
@Lagnajee	21.57	mn2t	default	FixedScaleOffset grid + LZMA	0.1.0a1	{'id': 'combinators.framed', 'codecs': ({'id': 'fixedscaleoffset', 'scale': 10.00100010001, 'offset': 0, 'dtype': '<f8', 'astype': '<i2'}, {'id': 'lzma', 'format': 3, 'check': -1, 'preset': None, 'filters': [{'id': 3, 'dist': 2}, {'id': 33, 'preset': 2147483657, 'lc': 1, 'lp': 1, 'pb': 1}]})}	0.0100	0.4673
@Lagnajee	28.93	mntpr	default	FixedScaleOffset grid (mean-bound tuned) + LZMA	0.1.0a1	{'id': 'combinators.framed', 'codecs': ({'id': 'fixedscaleoffset', 'scale': 936079.1317831551, 'offset': 0, 'dtype': '<f8', 'astype': '<i2'}, {'id': 'lzma', 'format': 3, 'check': -1, 'preset': None, 'filters': [{'id': 3, 'dist': 2}, {'id': 33, 'preset': 2147483657, 'lc': 1, 'lp': 1, 'pb': 1}]})}	0.0098	0.4624
@Lagnajee	28.03	mp1	default	FixedScaleOffset grid (mean-bound tuned) + LZMA	0.1.0a1	{'id': 'mask.meta', 'mask': nan, 'codec': {'id': 'combinators.stack', 'codecs': ({'id': 'replace.filter', 'replacements': {'nan': 'finite_mean'}}, {'id': 'fixedscaleoffset', 'scale': 25.002500250025, 'offset': 0, 'dtype': '<f8', 'astype': '<i2'}, {'id': 'lzma', 'format': 3, 'check': -1, 'preset': None, 'filters': [{'id': 3, 'dist': 2}, {'id': 33, 'preset': 2147483657, 'lc': 1, 'lp': 1, 'pb': 1}]})}, 'bitmap_codec': {'id': 'combinators.stack', 'codecs': ({'id': 'packbits'}, {'id': 'lzma', 'format': 1, 'check': -1, 'preset': 2147483657, 'filters': None})}}	0.0092	0.3805
@Lagnajee	24.07	mp2	default	FixedScaleOffset grid (mean-bound tuned) + LZMA	0.1.0a1	{'id': 'mask.meta', 'mask': nan, 'codec': {'id': 'combinators.stack', 'codecs': ({'id': 'replace.filter', 'replacements': {'nan': 'finite_mean'}}, {'id': 'fixedscaleoffset', 'scale': 35.71785750003572, 'offset': 0, 'dtype': '<f8', 'astype': '<i2'}, {'id': 'lzma', 'format': 3, 'check': -1, 'preset': None, 'filters': [{'id': 3, 'dist': 2}, {'id': 33, 'preset': 2147483657, 'lc': 1, 'lp': 1, 'pb': 1}]})}, 'bitmap_codec': {'id': 'combinators.stack', 'codecs': ({'id': 'packbits'}, {'id': 'lzma', 'format': 1, 'check': -1, 'preset': 2147483657, 'filters': None})}}	0.0100	0.3972
@Lagnajee	24.03	mpts	default	FixedScaleOffset grid (mean-bound tuned) + LZMA	0.1.0a1	{'id': 'mask.meta', 'mask': nan, 'codec': {'id': 'combinators.stack', 'codecs': ({'id': 'replace.filter', 'replacements': {'nan': 'finite_mean'}}, {'id': 'fixedscaleoffset', 'scale': 35.71785750003572, 'offset': 0, 'dtype': '<f8', 'astype': '<i2'}, {'id': 'lzma', 'format': 3, 'check': -1, 'preset': None, 'filters': [{'id': 3, 'dist': 2}, {'id': 33, 'preset': 2147483657, 'lc': 1, 'lp': 1, 'pb': 1}]})}, 'bitmap_codec': {'id': 'combinators.stack', 'codecs': ({'id': 'packbits'}, {'id': 'lzma', 'format': 1, 'check': -1, 'preset': 2147483657, 'filters': None})}}	0.0115	0.4653
@Lagnajee	19.74	mpww	default	FixedScaleOffset grid (mean-bound tuned) + LZMA	0.1.0a1	{'id': 'mask.meta', 'mask': nan, 'codec': {'id': 'combinators.stack', 'codecs': ({'id': 'replace.filter', 'replacements': {'nan': 'finite_mean'}}, {'id': 'fixedscaleoffset', 'scale': 35.71785750003572, 'offset': 0, 'dtype': '<f8', 'astype': '<i2'}, {'id': 'lzma', 'format': 3, 'check': -1, 'preset': None, 'filters': [{'id': 3, 'dist': 2}, {'id': 33, 'preset': 2147483657, 'lc': 1, 'lp': 1, 'pb': 1}]})}, 'bitmap_codec': {'id': 'combinators.stack', 'codecs': ({'id': 'packbits'}, {'id': 'lzma', 'format': 1, 'check': -1, 'preset': 2147483657, 'filters': None})}}	0.0120	0.3741
@Lagnajee	17.02	msl	default	FixedScaleOffset grid (mean-bound tuned) + LZMA	0.1.0a1	{'id': 'combinators.framed', 'codecs': ({'id': 'fixedscaleoffset', 'scale': 0.5000500050005, 'offset': 0, 'dtype': '<f8', 'astype': '<i4'}, {'id': 'lzma', 'format': 3, 'check': -1, 'preset': None, 'filters': [{'id': 3, 'dist': 4}, {'id': 33, 'preset': 2147483657, 'lc': 1, 'lp': 1, 'pb': 1}]})}	0.0048	0.3385
@Lagnajee	34.00	msqs	default	FixedScaleOffset grid (mean-bound tuned) + LZMA	0.1.0a1	{'id': 'mask.meta', 'mask': nan, 'codec': {'id': 'combinators.stack', 'codecs': ({'id': 'replace.filter', 'replacements': {'nan': 'finite_mean'}}, {'id': 'fixedscaleoffset', 'scale': 3078.107125802205, 'offset': 0, 'dtype': '<f8', 'astype': '<i2'}, {'id': 'lzma', 'format': 3, 'check': -1, 'preset': None, 'filters': [{'id': 3, 'dist': 2}, {'id': 33, 'preset': 2147483657, 'lc': 1, 'lp': 1, 'pb': 1}]})}, 'bitmap_codec': {'id': 'combinators.stack', 'codecs': ({'id': 'packbits'}, {'id': 'lzma', 'format': 1, 'check': -1, 'preset': 2147483657, 'filters': None})}}	0.0105	0.5545
@Lagnajee	19.79	mwd	default	FixedScaleOffset grid (mean-bound tuned) + LZMA	0.1.0a1	{'id': 'mask.meta', 'mask': nan, 'codec': {'id': 'combinators.stack', 'codecs': ({'id': 'replace.filter', 'replacements': {'nan': 'finite_mean'}}, {'id': 'fixedscaleoffset', 'scale': 3.571785750003572, 'offset': 0, 'dtype': '<f8', 'astype': '<i2'}, {'id': 'lzma', 'format': 3, 'check': -1, 'preset': None, 'filters': [{'id': 3, 'dist': 2}, {'id': 33, 'preset': 2147483657, 'lc': 1, 'lp': 1, 'pb': 1}]})}, 'bitmap_codec': {'id': 'combinators.stack', 'codecs': ({'id': 'packbits'}, {'id': 'lzma', 'format': 1, 'check': -1, 'preset': 2147483657, 'filters': None})}}	0.0116	0.4083
@Lagnajee	43.15	mwd1	default	FixedScaleOffset grid (mean-bound tuned) + LZMA	0.1.0a1	{'id': 'mask.meta', 'mask': nan, 'codec': {'id': 'combinators.stack', 'codecs': ({'id': 'replace.filter', 'replacements': {'nan': 'finite_mean'}}, {'id': 'fixedscaleoffset', 'scale': 0.1920982944351247, 'offset': 0, 'dtype': '<f8', 'astype': '|i1'}, {'id': 'lzma', 'format': 3, 'check': -1, 'preset': None, 'filters': [{'id': 3, 'dist': 1}, {'id': 33, 'preset': 2147483657, 'lc': 1, 'lp': 1, 'pb': 1}]})}, 'bitmap_codec': {'id': 'combinators.stack', 'codecs': ({'id': 'packbits'}, {'id': 'lzma', 'format': 1, 'check': -1, 'preset': 2147483657, 'filters': None})}}	0.0157	0.5776
@Lagnajee	35.03	mwd2	default	FixedScaleOffset grid (mean-bound tuned) + LZMA	0.1.0a1	{'id': 'mask.meta', 'mask': nan, 'codec': {'id': 'combinators.stack', 'codecs': ({'id': 'replace.filter', 'replacements': {'nan': 'finite_mean'}}, {'id': 'fixedscaleoffset', 'scale': 0.21168844950356555, 'offset': 0, 'dtype': '<f8', 'astype': '|i1'}, {'id': 'lzma', 'format': 3, 'check': -1, 'preset': None, 'filters': [{'id': 3, 'dist': 1}, {'id': 33, 'preset': 2147483657, 'lc': 1, 'lp': 1, 'pb': 1}]})}, 'bitmap_codec': {'id': 'combinators.stack', 'codecs': ({'id': 'packbits'}, {'id': 'lzma', 'format': 1, 'check': -1, 'preset': 2147483657, 'filters': None})}}	0.0166	0.5232
@Lagnajee	35.01	mwd3	default	FixedScaleOffset grid (mean-bound tuned) + LZMA	0.1.0a1	{'id': 'mask.meta', 'mask': nan, 'codec': {'id': 'combinators.stack', 'codecs': ({'id': 'replace.filter', 'replacements': {'nan': 'finite_mean'}}, {'id': 'fixedscaleoffset', 'scale': 0.13705733969450581, 'offset': 0, 'dtype': '<f8', 'astype': '|i1'}, {'id': 'lzma', 'format': 3, 'check': -1, 'preset': None, 'filters': [{'id': 3, 'dist': 1}, {'id': 33, 'preset': 2147483657, 'lc': 1, 'lp': 1, 'pb': 1}]})}, 'bitmap_codec': {'id': 'combinators.stack', 'codecs': ({'id': 'packbits'}, {'id': 'lzma', 'format': 1, 'check': -1, 'preset': 2147483657, 'filters': None})}}	0.0164	0.5337
@Lagnajee	29.01	mwp	default	FixedScaleOffset grid (mean-bound tuned) + LZMA	0.1.0a1	{'id': 'mask.meta', 'mask': nan, 'codec': {'id': 'combinators.stack', 'codecs': ({'id': 'replace.filter', 'replacements': {'nan': 'finite_mean'}}, {'id': 'fixedscaleoffset', 'scale': 25.002500250025, 'offset': 0, 'dtype': '<f8', 'astype': '<i2'}, {'id': 'lzma', 'format': 3, 'check': -1, 'preset': None, 'filters': [{'id': 3, 'dist': 2}, {'id': 33, 'preset': 2147483657, 'lc': 1, 'lp': 1, 'pb': 1}]})}, 'bitmap_codec': {'id': 'combinators.stack', 'codecs': ({'id': 'packbits'}, {'id': 'lzma', 'format': 1, 'check': -1, 'preset': 2147483657, 'filters': None})}}	0.0107	0.5041
@Lagnajee	43.77	mwp1	default	FixedScaleOffset grid (mean-bound tuned) + LZMA	0.1.0a1	{'id': 'mask.meta', 'mask': nan, 'codec': {'id': 'combinators.stack', 'codecs': ({'id': 'replace.filter', 'replacements': {'nan': 'finite_mean'}}, {'id': 'fixedscaleoffset', 'scale': 3.125312531253125, 'offset': 0, 'dtype': '<f8', 'astype': '|i1'}, {'id': 'lzma', 'format': 3, 'check': -1, 'preset': None, 'filters': [{'id': 3, 'dist': 1}, {'id': 33, 'preset': 2147483657, 'lc': 1, 'lp': 1, 'pb': 1}]})}, 'bitmap_codec': {'id': 'combinators.stack', 'codecs': ({'id': 'packbits'}, {'id': 'lzma', 'format': 1, 'check': -1, 'preset': 2147483657, 'filters': None})}}	0.0159	0.5969
@Lagnajee	37.78	mwp2	default	FixedScaleOffset grid (mean-bound tuned) + LZMA	0.1.0a1	{'id': 'mask.meta', 'mask': nan, 'codec': {'id': 'combinators.stack', 'codecs': ({'id': 'replace.filter', 'replacements': {'nan': 'finite_mean'}}, {'id': 'fixedscaleoffset', 'scale': 3.125312531253125, 'offset': 0, 'dtype': '<f8', 'astype': '|i1'}, {'id': 'lzma', 'format': 3, 'check': -1, 'preset': None, 'filters': [{'id': 3, 'dist': 1}, {'id': 33, 'preset': 2147483657, 'lc': 1, 'lp': 1, 'pb': 1}]})}, 'bitmap_codec': {'id': 'combinators.stack', 'codecs': ({'id': 'packbits'}, {'id': 'lzma', 'format': 1, 'check': -1, 'preset': 2147483657, 'filters': None})}}	0.0161	0.4639
@Lagnajee	18.01	mwp3	default	FixedScaleOffset grid (mean-bound tuned) + LZMA	0.1.0a1	{'id': 'mask.meta', 'mask': nan, 'codec': {'id': 'combinators.stack', 'codecs': ({'id': 'replace.filter', 'replacements': {'nan': 'finite_mean'}}, {'id': 'fixedscaleoffset', 'scale': 25.002500250025, 'offset': 0, 'dtype': '<f8', 'astype': '<i2'}, {'id': 'lzma', 'format': 3, 'check': -1, 'preset': None, 'filters': [{'id': 3, 'dist': 2}, {'id': 33, 'preset': 2147483657, 'lc': 1, 'lp': 1, 'pb': 1}]})}, 'bitmap_codec': {'id': 'combinators.stack', 'codecs': ({'id': 'packbits'}, {'id': 'lzma', 'format': 1, 'check': -1, 'preset': 2147483657, 'filters': None})}}	0.0118	0.3643
@Lagnajee	21.69	mx2t	default	FixedScaleOffset grid + LZMA	0.1.0a1	{'id': 'combinators.framed', 'codecs': ({'id': 'fixedscaleoffset', 'scale': 10.00100010001, 'offset': 0, 'dtype': '<f8', 'astype': '<i2'}, {'id': 'lzma', 'format': 3, 'check': -1, 'preset': None, 'filters': [{'id': 3, 'dist': 2}, {'id': 33, 'preset': 2147483657, 'lc': 1, 'lp': 1, 'pb': 1}]})}	0.0104	0.4570
@Lagnajee	23.48	mxtpr	default	FixedScaleOffset grid (mean-bound tuned) + LZMA	0.1.0a1	{'id': 'combinators.framed', 'codecs': ({'id': 'fixedscaleoffset', 'scale': 382259.6825914641, 'offset': 0, 'dtype': '<f8', 'astype': '<i2'}, {'id': 'lzma', 'format': 3, 'check': -1, 'preset': None, 'filters': [{'id': 3, 'dist': 2}, {'id': 33, 'preset': 2147483657, 'lc': 1, 'lp': 1, 'pb': 1}]})}	0.0106	0.4378
@Lagnajee	120.25	nsss	default	FixedScaleOffset grid (mean-bound tuned) + LZMA	0.1.0a1	{'id': 'combinators.framed', 'codecs': ({'id': 'fixedscaleoffset', 'scale': 0.0025002500250025004, 'offset': 0, 'dtype': '<f8', 'astype': '|i1'}, {'id': 'lzma', 'format': 3, 'check': -1, 'preset': None, 'filters': [{'id': 3, 'dist': 1}, {'id': 33, 'preset': 2147483657, 'lc': 1, 'lp': 1, 'pb': 1}]})}	0.0161	0.9498
@Lagnajee	26.41	p1ps	default	FixedScaleOffset grid (mean-bound tuned) + LZMA	0.1.0a1	{'id': 'mask.meta', 'mask': nan, 'codec': {'id': 'combinators.stack', 'codecs': ({'id': 'replace.filter', 'replacements': {'nan': 'finite_mean'}}, {'id': 'fixedscaleoffset', 'scale': 25.002500250025, 'offset': 0, 'dtype': '<f8', 'astype': '<i2'}, {'id': 'lzma', 'format': 3, 'check': -1, 'preset': None, 'filters': [{'id': 3, 'dist': 2}, {'id': 33, 'preset': 2147483657, 'lc': 1, 'lp': 1, 'pb': 1}]})}, 'bitmap_codec': {'id': 'combinators.stack', 'codecs': ({'id': 'packbits'}, {'id': 'lzma', 'format': 1, 'check': -1, 'preset': 2147483657, 'filters': None})}}	0.0110	0.4811
@Lagnajee	23.22	p1ww	default	FixedScaleOffset grid (mean-bound tuned) + LZMA	0.1.0a1	{'id': 'mask.meta', 'mask': nan, 'codec': {'id': 'combinators.stack', 'codecs': ({'id': 'replace.filter', 'replacements': {'nan': 'finite_mean'}}, {'id': 'fixedscaleoffset', 'scale': 25.002500250025, 'offset': 0, 'dtype': '<f8', 'astype': '<i2'}, {'id': 'lzma', 'format': 3, 'check': -1, 'preset': None, 'filters': [{'id': 3, 'dist': 2}, {'id': 33, 'preset': 2147483657, 'lc': 1, 'lp': 1, 'pb': 1}]})}, 'bitmap_codec': {'id': 'combinators.stack', 'codecs': ({'id': 'packbits'}, {'id': 'lzma', 'format': 1, 'check': -1, 'preset': 2147483657, 'filters': None})}}	0.0116	0.3788
@Lagnajee	22.49	p2ps	default	FixedScaleOffset grid (mean-bound tuned) + LZMA	0.1.0a1	{'id': 'mask.meta', 'mask': nan, 'codec': {'id': 'combinators.stack', 'codecs': ({'id': 'replace.filter', 'replacements': {'nan': 'finite_mean'}}, {'id': 'fixedscaleoffset', 'scale': 35.71785750003572, 'offset': 0, 'dtype': '<f8', 'astype': '<i2'}, {'id': 'lzma', 'format': 3, 'check': -1, 'preset': None, 'filters': [{'id': 3, 'dist': 2}, {'id': 33, 'preset': 2147483657, 'lc': 1, 'lp': 1, 'pb': 1}]})}, 'bitmap_codec': {'id': 'combinators.stack', 'codecs': ({'id': 'packbits'}, {'id': 'lzma', 'format': 1, 'check': -1, 'preset': 2147483657, 'filters': None})}}	0.0113	0.3810
@Lagnajee	23.65	p2ww	default	FixedScaleOffset grid (mean-bound tuned) + LZMA	0.1.0a1	{'id': 'mask.meta', 'mask': nan, 'codec': {'id': 'combinators.stack', 'codecs': ({'id': 'replace.filter', 'replacements': {'nan': 'finite_mean'}}, {'id': 'fixedscaleoffset', 'scale': 25.002500250025, 'offset': 0, 'dtype': '<f8', 'astype': '<i2'}, {'id': 'lzma', 'format': 3, 'check': -1, 'preset': None, 'filters': [{'id': 3, 'dist': 2}, {'id': 33, 'preset': 2147483657, 'lc': 1, 'lp': 1, 'pb': 1}]})}, 'bitmap_codec': {'id': 'combinators.stack', 'codecs': ({'id': 'packbits'}, {'id': 'lzma', 'format': 1, 'check': -1, 'preset': 2147483657, 'filters': None})}}	0.0115	0.4355
@Lagnajee	71.29	pev	default	FixedScaleOffset grid (mean-bound tuned) + LZMA	0.1.0a1	{'id': 'combinators.framed', 'codecs': ({'id': 'fixedscaleoffset', 'scale': 127708.35589197506, 'offset': 0, 'dtype': '<f8', 'astype': '<i2'}, {'id': 'lzma', 'format': 3, 'check': -1, 'preset': None, 'filters': [{'id': 3, 'dist': 2}, {'id': 33, 'preset': 2147483657, 'lc': 1, 'lp': 1, 'pb': 1}]})}	0.0169	0.8133
@Lagnajee	25.21	phiaw	default	FixedScaleOffset grid (mean-bound tuned) + LZMA	0.1.0a1	{'id': 'mask.meta', 'mask': nan, 'codec': {'id': 'combinators.stack', 'codecs': ({'id': 'replace.filter', 'replacements': {'nan': 'finite_mean'}}, {'id': 'fixedscaleoffset', 'scale': 8.505745825601018, 'offset': 0, 'dtype': '<f8', 'astype': '<i2'}, {'id': 'lzma', 'format': 3, 'check': -1, 'preset': None, 'filters': [{'id': 3, 'dist': 2}, {'id': 33, 'preset': 2147483657, 'lc': 1, 'lp': 1, 'pb': 1}]})}, 'bitmap_codec': {'id': 'combinators.stack', 'codecs': ({'id': 'packbits'}, {'id': 'lzma', 'format': 1, 'check': -1, 'preset': 2147483657, 'filters': None})}}	0.0096	0.4054
@Lagnajee	24.76	phioc	default	FixedScaleOffset grid (mean-bound tuned) + LZMA	0.1.0a1	{'id': 'mask.meta', 'mask': nan, 'codec': {'id': 'combinators.stack', 'codecs': ({'id': 'replace.filter', 'replacements': {'nan': 'finite_mean'}}, {'id': 'fixedscaleoffset', 'scale': 8.334166750008334, 'offset': 0, 'dtype': '<f8', 'astype': '<i2'}, {'id': 'lzma', 'format': 3, 'check': -1, 'preset': None, 'filters': [{'id': 3, 'dist': 2}, {'id': 33, 'preset': 2147483657, 'lc': 1, 'lp': 1, 'pb': 1}]})}, 'bitmap_codec': {'id': 'combinators.stack', 'codecs': ({'id': 'packbits'}, {'id': 'lzma', 'format': 1, 'check': -1, 'preset': 2147483657, 'filters': None})}}	0.0096	0.3930
@Lagnajee	28.94	pp1d	default	FixedScaleOffset grid (mean-bound tuned) + LZMA	0.1.0a1	{'id': 'mask.meta', 'mask': nan, 'codec': {'id': 'combinators.stack', 'codecs': ({'id': 'replace.filter', 'replacements': {'nan': 'finite_mean'}}, {'id': 'fixedscaleoffset', 'scale': 25.002500250025, 'offset': 0, 'dtype': '<f8', 'astype': '<i2'}, {'id': 'lzma', 'format': 3, 'check': -1, 'preset': None, 'filters': [{'id': 3, 'dist': 2}, {'id': 33, 'preset': 2147483657, 'lc': 1, 'lp': 1, 'pb': 1}]})}, 'bitmap_codec': {'id': 'combinators.stack', 'codecs': ({'id': 'packbits'}, {'id': 'lzma', 'format': 1, 'check': -1, 'preset': 2147483657, 'filters': None})}}	0.0108	0.4810
@Lagnajee	178.44	ptype	default	FixedScaleOffset grid + Lossless + LZMA	0.1.0a1	{'id': 'combinators.framed', 'codecs': ({'id': 'fixedscaleoffset', 'scale': 1, 'offset': 0, 'dtype': '<f8', 'astype': '|i1'}, {'id': 'lzma', 'format': 1, 'check': -1, 'preset': 2147483657, 'filters': None})}	0.0184	1.3927
@Lagnajee	178.38	rhoao	default	PwRatio (mean-bound tuned) + LZMA	0.1.0a1	{'id': 'mask.meta', 'mask': nan, 'codec': {'id': 'combinators.stack', 'codecs': ({'id': 'replace.filter', 'replacements': {'nan': 'finite_mean'}}, {'id': 'pw_ratio', 'eb_ratio': 1.019, 'eb_abs_marker': '$eb_abs', 'log_codec': {'id': 'fixedscaleoffset', 'scale': 18.41530001266561, 'offset': 0, 'dtype': '<f8', 'astype': '<i2'}, 'sign_codec': {'id': 'zstd.rs', 'level': 19, '_version': '0.1.0'}}, {'id': 'lzma', 'format': 3, 'check': -1, 'preset': None, 'filters': [{'id': 3, 'dist': 2}, {'id': 33, 'preset': 2147483657, 'lc': 1, 'lp': 1, 'pb': 1}]})}, 'bitmap_codec': {'id': 'combinators.stack', 'codecs': ({'id': 'packbits'}, {'id': 'lzma', 'format': 1, 'check': -1, 'preset': 2147483657, 'filters': None})}}	0.0079	0.4355
@Lagnajee	1171.50	ro	default	FixedScaleOffset grid (mean-bound tuned) + LZMA	0.1.0a1	{'id': 'combinators.framed', 'codecs': ({'id': 'fixedscaleoffset', 'scale': 3125.312531253125, 'offset': 0, 'dtype': '<f8', 'astype': '|i1'}, {'id': 'lzma', 'format': 3, 'check': -1, 'preset': None, 'filters': [{'id': 3, 'dist': 1}, {'id': 33, 'preset': 2147483657, 'lc': 1, 'lp': 1, 'pb': 1}]})}	0.0466	1.0429
@Lagnajee	702.05	rsn	default	FixedScaleOffset grid (mean-bound tuned) + LZMA	0.1.0a1	{'id': 'combinators.framed', 'codecs': ({'id': 'fixedscaleoffset', 'scale': 0.20243720800709822, 'offset': 0, 'dtype': '<f8', 'astype': '|i1'}, {'id': 'lzma', 'format': 3, 'check': -1, 'preset': None, 'filters': [{'id': 3, 'dist': 1}, {'id': 33, 'preset': 2147483657, 'lc': 1, 'lp': 1, 'pb': 1}]})}	0.0484	1.2420
@Lagnajee	1325.13	sd	default	FixedScaleOffset grid (mean-bound tuned) + LZMA	0.1.0a1	{'id': 'combinators.framed', 'codecs': ({'id': 'fixedscaleoffset', 'scale': 2.714206815930867, 'offset': 0, 'dtype': '<f8', 'astype': '|i1'}, {'id': 'lzma', 'format': 3, 'check': -1, 'preset': None, 'filters': [{'id': 3, 'dist': 1}, {'id': 33, 'preset': 2147483657, 'lc': 1, 'lp': 1, 'pb': 1}]})}	0.0674	1.1414
@Lagnajee	45.06	sdfor	default	PwRatio + LZMA	0.1.0a1	{'id': 'combinators.stack', 'codecs': ({'id': 'pw_ratio', 'eb_ratio': 1.05, 'eb_abs_marker': '$eb_abs', 'log_codec': {'id': 'fixedscaleoffset', 'scale': 7.104059947439975, 'offset': 0, 'dtype': '<f8', 'astype': '<i2'}, 'sign_codec': {'id': 'zstd.rs', 'level': 19, '_version': '0.1.0'}}, {'id': 'lzma', 'format': 3, 'check': -1, 'preset': None, 'filters': [{'id': 3, 'dist': 2}, {'id': 33, 'preset': 2147483657, 'lc': 1, 'lp': 1, 'pb': 1}]})}	0.0146	0.4827
@Lagnajee	78.29	sdor	default	FixedScaleOffset grid (mean-bound tuned) + LZMA	0.1.0a1	{'id': 'combinators.framed', 'codecs': ({'id': 'fixedscaleoffset', 'scale': 0.0892946437500893, 'offset': 0, 'dtype': '<f8', 'astype': '|i1'}, {'id': 'lzma', 'format': 3, 'check': -1, 'preset': None, 'filters': [{'id': 3, 'dist': 1}, {'id': 33, 'preset': 2147483657, 'lc': 1, 'lp': 1, 'pb': 1}]})}	0.0215	0.7809
@Lagnajee	1611.55	sf	default	FixedScaleOffset grid (mean-bound tuned) + LZMA	0.1.0a1	{'id': 'combinators.framed', 'codecs': ({'id': 'fixedscaleoffset', 'scale': 3125.312531253125, 'offset': 0, 'dtype': '<f8', 'astype': '|i1'}, {'id': 'lzma', 'format': 3, 'check': -1, 'preset': None, 'filters': [{'id': 3, 'dist': 1}, {'id': 33, 'preset': 2147483657, 'lc': 1, 'lp': 1, 'pb': 1}]})}	0.0614	1.0417
@Lagnajee	32.01	shts	default	FixedScaleOffset grid (mean-bound tuned) + LZMA	0.1.0a1	{'id': 'mask.meta', 'mask': nan, 'codec': {'id': 'combinators.stack', 'codecs': ({'id': 'replace.filter', 'replacements': {'nan': 'finite_mean'}}, {'id': 'fixedscaleoffset', 'scale': 35.71785750003572, 'offset': 0, 'dtype': '<f8', 'astype': '<i2'}, {'id': 'lzma', 'format': 3, 'check': -1, 'preset': None, 'filters': [{'id': 3, 'dist': 2}, {'id': 33, 'preset': 2147483657, 'lc': 1, 'lp': 1, 'pb': 1}]})}, 'bitmap_codec': {'id': 'combinators.stack', 'codecs': ({'id': 'packbits'}, {'id': 'lzma', 'format': 1, 'check': -1, 'preset': 2147483657, 'filters': None})}}	0.0103	0.5258
@Lagnajee	28.90	shww	default	FixedScaleOffset grid (mean-bound tuned) + LZMA	0.1.0a1	{'id': 'mask.meta', 'mask': nan, 'codec': {'id': 'combinators.stack', 'codecs': ({'id': 'replace.filter', 'replacements': {'nan': 'finite_mean'}}, {'id': 'fixedscaleoffset', 'scale': 25.002500250025, 'offset': 0, 'dtype': '<f8', 'astype': '<i2'}, {'id': 'lzma', 'format': 3, 'check': -1, 'preset': None, 'filters': [{'id': 3, 'dist': 2}, {'id': 33, 'preset': 2147483657, 'lc': 1, 'lp': 1, 'pb': 1}]})}, 'bitmap_codec': {'id': 'combinators.stack', 'codecs': ({'id': 'packbits'}, {'id': 'lzma', 'format': 1, 'check': -1, 'preset': 2147483657, 'filters': None})}}	0.0108	0.4909
@Lagnajee	19.57	skt	default	FixedScaleOffset grid + LZMA	0.1.0a1	{'id': 'combinators.framed', 'codecs': ({'id': 'fixedscaleoffset', 'scale': 10.00100010001, 'offset': 0, 'dtype': '<f8', 'astype': '<i2'}, {'id': 'lzma', 'format': 3, 'check': -1, 'preset': None, 'filters': [{'id': 3, 'dist': 2}, {'id': 33, 'preset': 2147483657, 'lc': 1, 'lp': 1, 'pb': 1}]})}	0.0106	0.4370
@Lagnajee	16.68	slhf	default	FixedScaleOffset grid (mean-bound tuned) + LZMA	0.1.0a1	{'id': 'combinators.framed', 'codecs': ({'id': 'fixedscaleoffset', 'scale': 0.00025002500250025, 'offset': 0, 'dtype': '<f8', 'astype': '<i2'}, {'id': 'lzma', 'format': 3, 'check': -1, 'preset': None, 'filters': [{'id': 3, 'dist': 2}, {'id': 33, 'preset': 2147483657, 'lc': 1, 'lp': 1, 'pb': 1}]})}	0.0124	0.3995
@Lagnajee	35.89	slor	default	PwRatio (mean-bound tuned) + LZMA	0.1.0a1	{'id': 'combinators.stack', 'codecs': ({'id': 'pw_ratio', 'eb_ratio': 1.019, 'eb_abs_marker': '$eb_abs', 'log_codec': {'id': 'fixedscaleoffset', 'scale': 18.41530001266561, 'offset': 0, 'dtype': '<f8', 'astype': '<i2'}, 'sign_codec': {'id': 'zstd.rs', 'level': 19, '_version': '0.1.0'}}, {'id': 'lzma', 'format': 3, 'check': -1, 'preset': None, 'filters': [{'id': 3, 'dist': 2}, {'id': 33, 'preset': 2147483657, 'lc': 1, 'lp': 1, 'pb': 1}]})}	0.0156	0.3649
@Lagnajee	248.10	slt	default	FixedScaleOffset grid + Lossless + LZMA	0.1.0a1	{'id': 'combinators.framed', 'codecs': ({'id': 'fixedscaleoffset', 'scale': 1, 'offset': 0, 'dtype': '<f8', 'astype': '|i1'}, {'id': 'lzma', 'format': 1, 'check': -1, 'preset': 2147483657, 'filters': None})}	0.0238	1.3289
@Lagnajee	5732.17	smlt	default	FixedScaleOffset grid (mean-bound tuned) + LZMA	0.1.0a1	{'id': 'combinators.framed', 'codecs': ({'id': 'fixedscaleoffset', 'scale': 3125.312531253125, 'offset': 0, 'dtype': '<f8', 'astype': '|i1'}, {'id': 'lzma', 'format': 3, 'check': -1, 'preset': None, 'filters': [{'id': 3, 'dist': 1}, {'id': 33, 'preset': 2147483657, 'lc': 1, 'lp': 1, 'pb': 1}]})}	0.1059	1.3226
@Lagnajee	201.39	sp	default	PwRatio (mean-bound tuned) + LZMA	0.1.0a1	{'id': 'combinators.stack', 'codecs': ({'id': 'pw_ratio', 'eb_ratio': 1.019, 'eb_abs_marker': '$eb_abs', 'log_codec': {'id': 'fixedscaleoffset', 'scale': 18.41530001266561, 'offset': 0, 'dtype': '<f8', 'astype': '<i2'}, 'sign_codec': {'id': 'zstd.rs', 'level': 19, '_version': '0.1.0'}}, {'id': 'lzma', 'format': 3, 'check': -1, 'preset': None, 'filters': [{'id': 3, 'dist': 2}, {'id': 33, 'preset': 2147483657, 'lc': 1, 'lp': 1, 'pb': 1}]})}	0.0108	0.5759
@Lagnajee	299.24	src	default	FixedScaleOffset grid (mean-bound tuned) + LZMA	0.1.0a1	{'id': 'combinators.framed', 'codecs': ({'id': 'fixedscaleoffset', 'scale': 9384.02540520676, 'offset': 0, 'dtype': '<f8', 'astype': '|i1'}, {'id': 'lzma', 'format': 3, 'check': -1, 'preset': None, 'filters': [{'id': 3, 'dist': 1}, {'id': 33, 'preset': 2147483657, 'lc': 1, 'lp': 1, 'pb': 1}]})}	0.0253	1.1668
@Lagnajee	210.88	sro	default	FixedScaleOffset grid (mean-bound tuned) + LZMA	0.1.0a1	{'id': 'combinators.framed', 'codecs': ({'id': 'fixedscaleoffset', 'scale': 610193.9410588244, 'offset': 0, 'dtype': '<f8', 'astype': '<i2'}, {'id': 'lzma', 'format': 3, 'check': -1, 'preset': None, 'filters': [{'id': 3, 'dist': 2}, {'id': 33, 'preset': 2147483657, 'lc': 1, 'lp': 1, 'pb': 1}]})}	0.0226	0.9780
@Lagnajee	18.94	sshf	default	FixedScaleOffset grid (mean-bound tuned) + LZMA	0.1.0a1	{'id': 'combinators.framed', 'codecs': ({'id': 'fixedscaleoffset', 'scale': 0.00025002500250025, 'offset': 0, 'dtype': '<f8', 'astype': '<i2'}, {'id': 'lzma', 'format': 3, 'check': -1, 'preset': None, 'filters': [{'id': 3, 'dist': 2}, {'id': 33, 'preset': 2147483657, 'lc': 1, 'lp': 1, 'pb': 1}]})}	0.0105	0.4452
@Lagnajee	49.29	ssr	default	FixedScaleOffset grid (mean-bound tuned) + LZMA	0.1.0a1	{'id': 'combinators.framed', 'codecs': ({'id': 'fixedscaleoffset', 'scale': 4.9608135416716276e-05, 'offset': 0, 'dtype': '<f8', 'astype': '<i2'}, {'id': 'lzma', 'format': 3, 'check': -1, 'preset': None, 'filters': [{'id': 3, 'dist': 2}, {'id': 33, 'preset': 2147483657, 'lc': 1, 'lp': 1, 'pb': 1}]})}	0.0162	0.6698
@Lagnajee	102.72	ssrc	default	FixedScaleOffset grid (mean-bound tuned) + LZMA	0.1.0a1	{'id': 'combinators.framed', 'codecs': ({'id': 'fixedscaleoffset', 'scale': 4.9608135416716276e-05, 'offset': 0, 'dtype': '<f8', 'astype': '<i2'}, {'id': 'lzma', 'format': 3, 'check': -1, 'preset': None, 'filters': [{'id': 3, 'dist': 2}, {'id': 33, 'preset': 2147483657, 'lc': 1, 'lp': 1, 'pb': 1}]})}	0.0140	0.9082
@Lagnajee	51.17	ssrd	default	FixedScaleOffset grid (mean-bound tuned) + LZMA	0.1.0a1	{'id': 'combinators.framed', 'codecs': ({'id': 'fixedscaleoffset', 'scale': 4.9608135416716276e-05, 'offset': 0, 'dtype': '<f8', 'astype': '<i2'}, {'id': 'lzma', 'format': 3, 'check': -1, 'preset': None, 'filters': [{'id': 3, 'dist': 2}, {'id': 33, 'preset': 2147483657, 'lc': 1, 'lp': 1, 'pb': 1}]})}	0.0162	0.7241
@Lagnajee	147.52	ssrdc	default	FixedScaleOffset grid (mean-bound tuned) + LZMA	0.1.0a1	{'id': 'combinators.framed', 'codecs': ({'id': 'fixedscaleoffset', 'scale': 4.9608135416716276e-05, 'offset': 0, 'dtype': '<f8', 'astype': '<i2'}, {'id': 'lzma', 'format': 3, 'check': -1, 'preset': None, 'filters': [{'id': 3, 'dist': 2}, {'id': 33, 'preset': 2147483657, 'lc': 1, 'lp': 1, 'pb': 1}]})}	0.0141	0.9853
@Lagnajee	77.78	ssro	default	FixedScaleOffset grid (mean-bound tuned) + LZMA	0.1.0a1	{'id': 'combinators.framed', 'codecs': ({'id': 'fixedscaleoffset', 'scale': 974817.0723347551, 'offset': 0, 'dtype': '<f8', 'astype': '<i2'}, {'id': 'lzma', 'format': 3, 'check': -1, 'preset': None, 'filters': [{'id': 3, 'dist': 2}, {'id': 33, 'preset': 2147483657, 'lc': 1, 'lp': 1, 'pb': 1}]})}	0.0187	0.7710
@Lagnajee	20.03	sst	default	FixedScaleOffset grid (mean-bound tuned) + LZMA	0.1.0a1	{'id': 'mask.meta', 'mask': nan, 'codec': {'id': 'combinators.stack', 'codecs': ({'id': 'replace.filter', 'replacements': {'nan': 'finite_mean'}}, {'id': 'fixedscaleoffset', 'scale': 50.00500050005, 'offset': 0, 'dtype': '<f8', 'astype': '<i2'}, {'id': 'lzma', 'format': 3, 'check': -1, 'preset': None, 'filters': [{'id': 3, 'dist': 2}, {'id': 33, 'preset': 2147483657, 'lc': 1, 'lp': 1, 'pb': 1}]})}, 'bitmap_codec': {'id': 'combinators.stack', 'codecs': ({'id': 'packbits'}, {'id': 'lzma', 'format': 1, 'check': -1, 'preset': 2147483657, 'filters': None})}}	0.0135	0.4164
@Lagnajee	310.22	stl1	default	FixedScaleOffset grid (mean-bound tuned) + LZMA	0.1.0a1	{'id': 'combinators.framed', 'codecs': ({'id': 'fixedscaleoffset', 'scale': 0.08838484018148908, 'offset': 0, 'dtype': '<f8', 'astype': '|i1'}, {'id': 'lzma', 'format': 3, 'check': -1, 'preset': None, 'filters': [{'id': 3, 'dist': 1}, {'id': 33, 'preset': 2147483657, 'lc': 1, 'lp': 1, 'pb': 1}]})}	0.0176	1.2266
@Lagnajee	313.26	stl2	default	PwRatio (mean-bound tuned) + LZMA	0.1.0a1	{'id': 'combinators.stack', 'codecs': ({'id': 'pw_ratio', 'eb_ratio': 1.019, 'eb_abs_marker': '$eb_abs', 'log_codec': {'id': 'fixedscaleoffset', 'scale': 18.41530001266561, 'offset': 0, 'dtype': '<f8', 'astype': '<i2'}, 'sign_codec': {'id': 'zstd.rs', 'level': 19, '_version': '0.1.0'}}, {'id': 'lzma', 'format': 3, 'check': -1, 'preset': None, 'filters': [{'id': 3, 'dist': 2}, {'id': 33, 'preset': 2147483657, 'lc': 1, 'lp': 1, 'pb': 1}]})}	0.0112	0.6408
@Lagnajee	351.41	stl3	default	FixedScaleOffset grid (mean-bound tuned) + LZMA	0.1.0a1	{'id': 'combinators.framed', 'codecs': ({'id': 'fixedscaleoffset', 'scale': 0.08860575377548766, 'offset': 0, 'dtype': '<f8', 'astype': '|i1'}, {'id': 'lzma', 'format': 3, 'check': -1, 'preset': None, 'filters': [{'id': 3, 'dist': 1}, {'id': 33, 'preset': 2147483657, 'lc': 1, 'lp': 1, 'pb': 1}]})}	0.0178	0.8012
@Lagnajee	341.55	stl4	default	FixedScaleOffset grid (mean-bound tuned) + LZMA	0.1.0a1	{'id': 'combinators.framed', 'codecs': ({'id': 'fixedscaleoffset', 'scale': 0.08892002975995651, 'offset': 0, 'dtype': '<f8', 'astype': '|i1'}, {'id': 'lzma', 'format': 3, 'check': -1, 'preset': None, 'filters': [{'id': 3, 'dist': 1}, {'id': 33, 'preset': 2147483657, 'lc': 1, 'lp': 1, 'pb': 1}]})}	0.0176	1.2469
@Lagnajee	30.96	str	default	FixedScaleOffset grid (mean-bound tuned) + LZMA	0.1.0a1	{'id': 'combinators.framed', 'codecs': ({'id': 'fixedscaleoffset', 'scale': 9.921627083343255e-05, 'offset': 0, 'dtype': '<f8', 'astype': '|i1'}, {'id': 'lzma', 'format': 3, 'check': -1, 'preset': None, 'filters': [{'id': 3, 'dist': 1}, {'id': 33, 'preset': 2147483657, 'lc': 1, 'lp': 1, 'pb': 1}]})}	0.0230	0.6396
@Lagnajee	62.76	strc	default	FixedScaleOffset grid (mean-bound tuned) + LZMA	0.1.0a1	{'id': 'combinators.framed', 'codecs': ({'id': 'fixedscaleoffset', 'scale': 6.945138958340279e-05, 'offset': 0, 'dtype': '<f8', 'astype': '|i1'}, {'id': 'lzma', 'format': 3, 'check': -1, 'preset': None, 'filters': [{'id': 3, 'dist': 1}, {'id': 33, 'preset': 2147483657, 'lc': 1, 'lp': 1, 'pb': 1}]})}	0.0174	0.7519
@Lagnajee	39.71	strd	default	FixedScaleOffset grid (mean-bound tuned) + LZMA	0.1.0a1	{'id': 'combinators.framed', 'codecs': ({'id': 'fixedscaleoffset', 'scale': 6.945138958340279e-05, 'offset': 0, 'dtype': '<f8', 'astype': '<i2'}, {'id': 'lzma', 'format': 3, 'check': -1, 'preset': None, 'filters': [{'id': 3, 'dist': 2}, {'id': 33, 'preset': 2147483657, 'lc': 1, 'lp': 1, 'pb': 1}]})}	0.0088	0.6656
@Lagnajee	65.52	strdc	default	FixedScaleOffset grid (mean-bound tuned) + LZMA	0.1.0a1	{'id': 'combinators.framed', 'codecs': ({'id': 'fixedscaleoffset', 'scale': 6.945138958340279e-05, 'offset': 0, 'dtype': '<f8', 'astype': '<i2'}, {'id': 'lzma', 'format': 3, 'check': -1, 'preset': None, 'filters': [{'id': 3, 'dist': 2}, {'id': 33, 'preset': 2147483657, 'lc': 1, 'lp': 1, 'pb': 1}]})}	0.0079	0.7950
@Lagnajee	42.91	swh	default	SZ3 (mean-bound tuned) + LZMA	0.1.0a1	{'id': 'combinators.stack', 'codecs': ({'id': 'mask.meta', 'mask': nan, 'codec': {'id': 'combinators.stack', 'codecs': ({'id': 'replace.filter', 'replacements': {'nan': 'finite_mean'}}, {'id': 'sz3.rs', 'predictor': 'interpolation-lorenzo', 'eb_mode': 'abs', 'eb_abs': 0.021810154653305155, '_version': '0.2.0'})}, 'bitmap_codec': {'id': 'combinators.stack', 'codecs': ({'id': 'packbits'}, {'id': 'lzma', 'format': 1, 'check': -1, 'preset': 2147483657, 'filters': None})}}, {'id': 'lzma', 'format': 1, 'check': -1, 'preset': 2147483657, 'filters': None})}	0.0318	0.3651
@Lagnajee	27.95	swh1	default	FixedScaleOffset grid (mean-bound tuned) + LZMA	0.1.0a1	{'id': 'mask.meta', 'mask': nan, 'codec': {'id': 'combinators.stack', 'codecs': ({'id': 'replace.filter', 'replacements': {'nan': 'finite_mean'}}, {'id': 'fixedscaleoffset', 'scale': 35.71785750003572, 'offset': 0, 'dtype': '<f8', 'astype': '<i2'}, {'id': 'lzma', 'format': 3, 'check': -1, 'preset': None, 'filters': [{'id': 3, 'dist': 2}, {'id': 33, 'preset': 2147483657, 'lc': 1, 'lp': 1, 'pb': 1}]})}, 'bitmap_codec': {'id': 'combinators.stack', 'codecs': ({'id': 'packbits'}, {'id': 'lzma', 'format': 1, 'check': -1, 'preset': 2147483657, 'filters': None})}}	0.0107	0.4617
@Lagnajee	36.07	swh2	default	FixedScaleOffset grid (mean-bound tuned) + LZMA	0.1.0a1	{'id': 'mask.meta', 'mask': nan, 'codec': {'id': 'combinators.stack', 'codecs': ({'id': 'replace.filter', 'replacements': {'nan': 'finite_mean'}}, {'id': 'fixedscaleoffset', 'scale': 25.63475044806543, 'offset': 0, 'dtype': '<f8', 'astype': '|i1'}, {'id': 'lzma', 'format': 3, 'check': -1, 'preset': None, 'filters': [{'id': 3, 'dist': 1}, {'id': 33, 'preset': 2147483657, 'lc': 1, 'lp': 1, 'pb': 1}]})}, 'bitmap_codec': {'id': 'combinators.stack', 'codecs': ({'id': 'packbits'}, {'id': 'lzma', 'format': 1, 'check': -1, 'preset': 2147483657, 'filters': None})}}	0.0169	0.5463
@Lagnajee	44.03	swh3	default	FixedScaleOffset grid (mean-bound tuned) + LZMA	0.1.0a1	{'id': 'mask.meta', 'mask': nan, 'codec': {'id': 'combinators.stack', 'codecs': ({'id': 'replace.filter', 'replacements': {'nan': 'finite_mean'}}, {'id': 'fixedscaleoffset', 'scale': 25.002500250025, 'offset': 0, 'dtype': '<f8', 'astype': '|i1'}, {'id': 'lzma', 'format': 3, 'check': -1, 'preset': None, 'filters': [{'id': 3, 'dist': 1}, {'id': 33, 'preset': 2147483657, 'lc': 1, 'lp': 1, 'pb': 1}]})}, 'bitmap_codec': {'id': 'combinators.stack', 'codecs': ({'id': 'packbits'}, {'id': 'lzma', 'format': 1, 'check': -1, 'preset': 2147483657, 'filters': None})}}	0.0159	0.5085
@Lagnajee	55.77	swvl1	default	FixedScaleOffset grid (mean-bound tuned) + LZMA	0.1.0a1	{'id': 'combinators.framed', 'codecs': ({'id': 'fixedscaleoffset', 'scale': 103.86908034595038, 'offset': 0, 'dtype': '<f8', 'astype': '|i1'}, {'id': 'lzma', 'format': 3, 'check': -1, 'preset': None, 'filters': [{'id': 3, 'dist': 1}, {'id': 33, 'preset': 2147483657, 'lc': 1, 'lp': 1, 'pb': 1}]})}	0.0234	0.7318
@Lagnajee	54.55	swvl2	default	FixedScaleOffset grid (mean-bound tuned) + LZMA	0.1.0a1	{'id': 'combinators.framed', 'codecs': ({'id': 'fixedscaleoffset', 'scale': 99.83670861212502, 'offset': 0, 'dtype': '<f8', 'astype': '|i1'}, {'id': 'lzma', 'format': 3, 'check': -1, 'preset': None, 'filters': [{'id': 3, 'dist': 1}, {'id': 33, 'preset': 2147483657, 'lc': 1, 'lp': 1, 'pb': 1}]})}	0.0236	0.7506
@Lagnajee	53.77	swvl3	default	FixedScaleOffset grid (mean-bound tuned) + LZMA	0.1.0a1	{'id': 'combinators.framed', 'codecs': ({'id': 'fixedscaleoffset', 'scale': 97.9763395568177, 'offset': 0, 'dtype': '<f8', 'astype': '|i1'}, {'id': 'lzma', 'format': 3, 'check': -1, 'preset': None, 'filters': [{'id': 3, 'dist': 1}, {'id': 33, 'preset': 2147483657, 'lc': 1, 'lp': 1, 'pb': 1}]})}	0.0236	0.7022
@Lagnajee	62.32	swvl4	default	FixedScaleOffset grid (mean-bound tuned) + LZMA	0.1.0a1	{'id': 'combinators.framed', 'codecs': ({'id': 'fixedscaleoffset', 'scale': 104.43713411972296, 'offset': 0, 'dtype': '<f8', 'astype': '|i1'}, {'id': 'lzma', 'format': 3, 'check': -1, 'preset': None, 'filters': [{'id': 3, 'dist': 1}, {'id': 33, 'preset': 2147483657, 'lc': 1, 'lp': 1, 'pb': 1}]})}	0.0232	0.6797
@Lagnajee	55.78	tauoc	default	PwRatio (mean-bound tuned) + LZMA	0.1.0a1	{'id': 'mask.meta', 'mask': nan, 'codec': {'id': 'combinators.stack', 'codecs': ({'id': 'replace.filter', 'replacements': {'nan': 'finite_mean'}}, {'id': 'pw_ratio', 'eb_ratio': 1.019, 'eb_abs_marker': '$eb_abs', 'log_codec': {'id': 'fixedscaleoffset', 'scale': 18.41530001266561, 'offset': 0, 'dtype': '<f8', 'astype': '<i2'}, 'sign_codec': {'id': 'zstd.rs', 'level': 19, '_version': '0.1.0'}}, {'id': 'lzma', 'format': 3, 'check': -1, 'preset': None, 'filters': [{'id': 3, 'dist': 2}, {'id': 33, 'preset': 2147483657, 'lc': 1, 'lp': 1, 'pb': 1}]})}, 'bitmap_codec': {'id': 'combinators.stack', 'codecs': ({'id': 'packbits'}, {'id': 'lzma', 'format': 1, 'check': -1, 'preset': 2147483657, 'filters': None})}}	0.0083	0.4560
@Lagnajee	72.33	tcc	default	FixedScaleOffset grid (mean-bound tuned) + LZMA	0.1.0a1	{'id': 'combinators.framed', 'codecs': ({'id': 'fixedscaleoffset', 'scale': 5.000500050005, 'offset': 0, 'dtype': '<f8', 'astype': '|i1'}, {'id': 'lzma', 'format': 3, 'check': -1, 'preset': None, 'filters': [{'id': 3, 'dist': 1}, {'id': 33, 'preset': 2147483657, 'lc': 1, 'lp': 1, 'pb': 1}]})}	0.0143	0.6004
@Lagnajee	63.30	tciw	default	Recommended Safeguards + LZMA	0.1.0a1	"{'id': 'safeguards', 'codec': {'id': 'zero'}, 'safeguards': [{'kind': 'all', 'safeguards': [{'kind': 'qoi_eb_pw', 'qoi': 'x >= c[""minimum""]', 'type': 'abs', 'eb': 0, 'qoi_dtype': 'lossless', 'early_bound': {'minimum': 0.0}}]}, {'kind': 'any', 'safeguards': [{'kind': 'all', 'safeguards': [{'kind': 'everywhere', 'safeguard': {'kind': 'eb', 'type': 'abs', 'eb': 0.01, 'equal_nan': False}}]}]}], 'fixed_constants': {}, 'lossless': {'for_codec': None, 'for_corrections': {'id': 'combinators.best', 'codecs': ({'id': 'combinators.stack', 'codecs': ({'id': 'tokenize'}, {'id': 'bitmap-index', 'max_bitmaps': 1, 'cost_factor': 1}, {'id': 'shuffle.typed-byte'}, {'id': 'combinators.framed', 'codecs': ({'id': 'zstd', 'level': 3, 'checksum': False},)})}, {'id': 'combinators.stack', 'codecs': ({'id': 'delta.binary'}, {'id': 'tokenize'}, {'id': 'bitmap-index', 'max_bitmaps': 1, 'cost_factor': 1}, {'id': 'shuffle.typed-byte'}, {'id': 'combinators.framed', 'codecs': ({'id': 'zstd', 'level': 3, 'checksum': False},)})})}}, 'compute': {'unstable_iterative': False, 'unstable_lossless_corrections': False}, '_version': '1.0.0'}"	0.0080	0.3567
@Lagnajee	86.84	tclw	default	FixedScaleOffset grid (mean-bound tuned) + LZMA	0.1.0a1	{'id': 'combinators.framed', 'codecs': ({'id': 'fixedscaleoffset', 'scale': 17.85892875001786, 'offset': 0, 'dtype': '<f8', 'astype': '|i1'}, {'id': 'lzma', 'format': 3, 'check': -1, 'preset': None, 'filters': [{'id': 3, 'dist': 1}, {'id': 33, 'preset': 2147483657, 'lc': 1, 'lp': 1, 'pb': 1}]})}	0.0151	0.7141
@Lagnajee	250.90	tco3	default	FixedScaleOffset grid (mean-bound tuned) + LZMA	0.1.0a1	{'id': 'combinators.framed', 'codecs': ({'id': 'fixedscaleoffset', 'scale': 3841.625723539387, 'offset': 0, 'dtype': '<f8', 'astype': '|i1'}, {'id': 'lzma', 'format': 3, 'check': -1, 'preset': None, 'filters': [{'id': 3, 'dist': 1}, {'id': 33, 'preset': 2147483657, 'lc': 1, 'lp': 1, 'pb': 1}]})}	0.0131	0.8191
@Lagnajee	1433.29	tcrw	default	FixedScaleOffset grid (mean-bound tuned) + LZMA	0.1.0a1	{'id': 'combinators.framed', 'codecs': ({'id': 'fixedscaleoffset', 'scale': 3.125312531253125, 'offset': 0, 'dtype': '<f8', 'astype': '|i1'}, {'id': 'lzma', 'format': 3, 'check': -1, 'preset': None, 'filters': [{'id': 3, 'dist': 1}, {'id': 33, 'preset': 2147483657, 'lc': 1, 'lp': 1, 'pb': 1}]})}	0.0440	0.8375
@Lagnajee	189.44	tcslw	default	FixedScaleOffset grid (mean-bound tuned) + LZMA	0.1.0a1	{'id': 'combinators.framed', 'codecs': ({'id': 'fixedscaleoffset', 'scale': 12.5012501250125, 'offset': 0, 'dtype': '<f8', 'astype': '|i1'}, {'id': 'lzma', 'format': 3, 'check': -1, 'preset': None, 'filters': [{'id': 3, 'dist': 1}, {'id': 33, 'preset': 2147483657, 'lc': 1, 'lp': 1, 'pb': 1}]})}	0.0161	0.7637
@Lagnajee	282.49	tcsw	default	FixedScaleOffset grid (mean-bound tuned) + LZMA	0.1.0a1	{'id': 'combinators.framed', 'codecs': ({'id': 'fixedscaleoffset', 'scale': 6.25062506250625, 'offset': 0, 'dtype': '<f8', 'astype': '<i2'}, {'id': 'lzma', 'format': 3, 'check': -1, 'preset': None, 'filters': [{'id': 3, 'dist': 2}, {'id': 33, 'preset': 2147483657, 'lc': 1, 'lp': 1, 'pb': 1}]})}	0.0134	1.0520
@Lagnajee	28.92	tcw	default	FixedScaleOffset grid (mean-bound tuned) + LZMA	0.1.0a1	{'id': 'combinators.framed', 'codecs': ({'id': 'fixedscaleoffset', 'scale': 3.571785750003572, 'offset': 0, 'dtype': '<f8', 'astype': '<i2'}, {'id': 'lzma', 'format': 3, 'check': -1, 'preset': None, 'filters': [{'id': 3, 'dist': 2}, {'id': 33, 'preset': 2147483657, 'lc': 1, 'lp': 1, 'pb': 1}]})}	0.0102	0.5720
@Lagnajee	29.30	tcwv	default	FixedScaleOffset grid (mean-bound tuned) + LZMA	0.1.0a1	{'id': 'combinators.framed', 'codecs': ({'id': 'fixedscaleoffset', 'scale': 3.571785750003572, 'offset': 0, 'dtype': '<f8', 'astype': '<i2'}, {'id': 'lzma', 'format': 3, 'check': -1, 'preset': None, 'filters': [{'id': 3, 'dist': 2}, {'id': 33, 'preset': 2147483657, 'lc': 1, 'lp': 1, 'pb': 1}]})}	0.0103	0.6064
@Lagnajee	334.34	tisr	default	FixedScaleOffset grid (mean-bound tuned) + LZMA	0.1.0a1	{'id': 'combinators.framed', 'codecs': ({'id': 'fixedscaleoffset', 'scale': 4.9608135416716276e-05, 'offset': 0, 'dtype': '<f8', 'astype': '<i2'}, {'id': 'lzma', 'format': 3, 'check': -1, 'preset': None, 'filters': [{'id': 3, 'dist': 2}, {'id': 33, 'preset': 2147483657, 'lc': 1, 'lp': 1, 'pb': 1}]})}	0.0153	1.0525
@Lagnajee	24.64	tmax	default	FixedScaleOffset grid (mean-bound tuned) + LZMA	0.1.0a1	{'id': 'mask.meta', 'mask': nan, 'codec': {'id': 'combinators.stack', 'codecs': ({'id': 'replace.filter', 'replacements': {'nan': 'finite_mean'}}, {'id': 'fixedscaleoffset', 'scale': 35.71785750003572, 'offset': 0, 'dtype': '<f8', 'astype': '<i2'}, {'id': 'lzma', 'format': 3, 'check': -1, 'preset': None, 'filters': [{'id': 3, 'dist': 2}, {'id': 33, 'preset': 2147483657, 'lc': 1, 'lp': 1, 'pb': 1}]})}, 'bitmap_codec': {'id': 'combinators.stack', 'codecs': ({'id': 'packbits'}, {'id': 'lzma', 'format': 1, 'check': -1, 'preset': 2147483657, 'filters': None})}}	0.0112	0.4930
@Lagnajee	24.49	totalx	default	FixedScaleOffset grid (mean-bound tuned) + LZMA	0.1.0a1	{'id': 'combinators.framed', 'codecs': ({'id': 'fixedscaleoffset', 'scale': 3.571785750003572, 'offset': 0, 'dtype': '<f8', 'astype': '<i2'}, {'id': 'lzma', 'format': 3, 'check': -1, 'preset': None, 'filters': [{'id': 3, 'dist': 2}, {'id': 33, 'preset': 2147483657, 'lc': 1, 'lp': 1, 'pb': 1}]})}	0.0104	0.5357
@Lagnajee	69.08	tp	default	FixedScaleOffset grid (mean-bound tuned) + LZMA	0.1.0a1	{'id': 'combinators.framed', 'codecs': ({'id': 'fixedscaleoffset', 'scale': 12501.2501250125, 'offset': 0, 'dtype': '<f8', 'astype': '<i2'}, {'id': 'lzma', 'format': 3, 'check': -1, 'preset': None, 'filters': [{'id': 3, 'dist': 2}, {'id': 33, 'preset': 2147483657, 'lc': 1, 'lp': 1, 'pb': 1}]})}	0.0096	0.7163
@Lagnajee	42.72	tplb	default	FixedScaleOffset grid (mean-bound tuned) + LZMA	0.1.0a1	{'id': 'combinators.framed', 'codecs': ({'id': 'fixedscaleoffset', 'scale': 0.14360097241030592, 'offset': 0, 'dtype': '<f8', 'astype': '<i2'}, {'id': 'lzma', 'format': 3, 'check': -1, 'preset': None, 'filters': [{'id': 3, 'dist': 2}, {'id': 33, 'preset': 2147483657, 'lc': 1, 'lp': 1, 'pb': 1}]})}	0.0116	0.6134
@Lagnajee	39.52	tplt	default	FixedScaleOffset grid (mean-bound tuned) + LZMA	0.1.0a1	{'id': 'combinators.framed', 'codecs': ({'id': 'fixedscaleoffset', 'scale': 0.12148275329495277, 'offset': 0, 'dtype': '<f8', 'astype': '<i2'}, {'id': 'lzma', 'format': 3, 'check': -1, 'preset': None, 'filters': [{'id': 3, 'dist': 2}, {'id': 33, 'preset': 2147483657, 'lc': 1, 'lp': 1, 'pb': 1}]})}	0.0112	0.5818
@Lagnajee	27.14	tsn	default	FixedScaleOffset grid + LZMA	0.1.0a1	{'id': 'combinators.framed', 'codecs': ({'id': 'fixedscaleoffset', 'scale': 10.00100010001, 'offset': 0, 'dtype': '<f8', 'astype': '<i2'}, {'id': 'lzma', 'format': 3, 'check': -1, 'preset': None, 'filters': [{'id': 3, 'dist': 2}, {'id': 33, 'preset': 2147483657, 'lc': 1, 'lp': 1, 'pb': 1}]})}	0.0100	0.4990
@Lagnajee	49.17	tsr	default	FixedScaleOffset grid (mean-bound tuned) + LZMA	0.1.0a1	{'id': 'combinators.framed', 'codecs': ({'id': 'fixedscaleoffset', 'scale': 4.9608135416716276e-05, 'offset': 0, 'dtype': '<f8', 'astype': '<i2'}, {'id': 'lzma', 'format': 3, 'check': -1, 'preset': None, 'filters': [{'id': 3, 'dist': 2}, {'id': 33, 'preset': 2147483657, 'lc': 1, 'lp': 1, 'pb': 1}]})}	0.0158	0.7113
@Lagnajee	116.60	tsrc	default	FixedScaleOffset grid (mean-bound tuned) + LZMA	0.1.0a1	{'id': 'combinators.framed', 'codecs': ({'id': 'fixedscaleoffset', 'scale': 4.9608135416716276e-05, 'offset': 0, 'dtype': '<f8', 'astype': '<i2'}, {'id': 'lzma', 'format': 3, 'check': -1, 'preset': None, 'filters': [{'id': 3, 'dist': 2}, {'id': 33, 'preset': 2147483657, 'lc': 1, 'lp': 1, 'pb': 1}]})}	0.0145	0.8839
@Lagnajee	36.60	ttr	default	FixedScaleOffset grid (mean-bound tuned) + LZMA	0.1.0a1	{'id': 'combinators.framed', 'codecs': ({'id': 'fixedscaleoffset', 'scale': 9.921627083343255e-05, 'offset': 0, 'dtype': '<f8', 'astype': '<i2'}, {'id': 'lzma', 'format': 3, 'check': -1, 'preset': None, 'filters': [{'id': 3, 'dist': 2}, {'id': 33, 'preset': 2147483657, 'lc': 1, 'lp': 1, 'pb': 1}]})}	0.0087	0.6511
@Lagnajee	75.47	ttrc	default	FixedScaleOffset grid (mean-bound tuned) + LZMA	0.1.0a1	{'id': 'combinators.framed', 'codecs': ({'id': 'fixedscaleoffset', 'scale': 9.921627083343255e-05, 'offset': 0, 'dtype': '<f8', 'astype': '<i2'}, {'id': 'lzma', 'format': 3, 'check': -1, 'preset': None, 'filters': [{'id': 3, 'dist': 2}, {'id': 33, 'preset': 2147483657, 'lc': 1, 'lp': 1, 'pb': 1}]})}	0.0076	0.7379
@Lagnajee	310.27	tvh	default	FixedScaleOffset grid + Lossless + LZMA	0.1.0a1	{'id': 'combinators.framed', 'codecs': ({'id': 'fixedscaleoffset', 'scale': 1, 'offset': 0, 'dtype': '<f8', 'astype': '|i1'}, {'id': 'lzma', 'format': 1, 'check': -1, 'preset': 2147483657, 'filters': None})}	0.0276	1.4876
@Lagnajee	240.29	tvl	default	FixedScaleOffset grid + Lossless + LZMA	0.1.0a1	{'id': 'combinators.framed', 'codecs': ({'id': 'fixedscaleoffset', 'scale': 1, 'offset': 0, 'dtype': '<f8', 'astype': '|i1'}, {'id': 'lzma', 'format': 1, 'check': -1, 'preset': 2147483657, 'filters': None})}	0.0260	1.2479
@Lagnajee	14.53	u10n	default	FixedScaleOffset grid (mean-bound tuned) + LZMA	0.1.0a1	{'id': 'combinators.framed', 'codecs': ({'id': 'fixedscaleoffset', 'scale': 25.002500250025, 'offset': 0, 'dtype': '<f8', 'astype': '<i2'}, {'id': 'lzma', 'format': 3, 'check': -1, 'preset': None, 'filters': [{'id': 3, 'dist': 2}, {'id': 33, 'preset': 2147483657, 'lc': 1, 'lp': 1, 'pb': 1}]})}	0.0126	0.3715
@Lagnajee	81.73	ust	default	FixedScaleOffset grid (mean-bound tuned) + LZMA	0.1.0a1	{'id': 'mask.meta', 'mask': nan, 'codec': {'id': 'combinators.stack', 'codecs': ({'id': 'replace.filter', 'replacements': {'nan': 'finite_mean'}}, {'id': 'fixedscaleoffset', 'scale': 35.71785750003572, 'offset': 0, 'dtype': '<f8', 'astype': '|i1'}, {'id': 'lzma', 'format': 3, 'check': -1, 'preset': None, 'filters': [{'id': 3, 'dist': 1}, {'id': 33, 'preset': 2147483657, 'lc': 1, 'lp': 1, 'pb': 1}]})}, 'bitmap_codec': {'id': 'combinators.stack', 'codecs': ({'id': 'packbits'}, {'id': 'lzma', 'format': 1, 'check': -1, 'preset': 2147483657, 'filters': None})}}	0.0150	0.8391
@Lagnajee	144.22	uvb	default	FixedScaleOffset grid (mean-bound tuned) + LZMA	0.1.0a1	{'id': 'combinators.framed', 'codecs': ({'id': 'fixedscaleoffset', 'scale': 4.9608135416716276e-05, 'offset': 0, 'dtype': '<f8', 'astype': '|i1'}, {'id': 'lzma', 'format': 3, 'check': -1, 'preset': None, 'filters': [{'id': 3, 'dist': 1}, {'id': 33, 'preset': 2147483657, 'lc': 1, 'lp': 1, 'pb': 1}]})}	0.0252	0.8264
@Lagnajee	14.81	v10n	default	FixedScaleOffset grid (mean-bound tuned) + LZMA	0.1.0a1	{'id': 'combinators.framed', 'codecs': ({'id': 'fixedscaleoffset', 'scale': 25.002500250025, 'offset': 0, 'dtype': '<f8', 'astype': '<i2'}, {'id': 'lzma', 'format': 3, 'check': -1, 'preset': None, 'filters': [{'id': 3, 'dist': 2}, {'id': 33, 'preset': 2147483657, 'lc': 1, 'lp': 1, 'pb': 1}]})}	0.0121	0.3885
@Lagnajee	13.28	vimd	default	FixedScaleOffset grid (mean-bound tuned) + LZMA	0.1.0a1	{'id': 'combinators.framed', 'codecs': ({'id': 'fixedscaleoffset', 'scale': 52.81189144589376, 'offset': 0, 'dtype': '<f8', 'astype': '<i2'}, {'id': 'lzma', 'format': 3, 'check': -1, 'preset': None, 'filters': [{'id': 3, 'dist': 2}, {'id': 33, 'preset': 2147483657, 'lc': 1, 'lp': 1, 'pb': 1}]})}	0.0131	0.3199
@Lagnajee	99.66	vst	default	FixedScaleOffset grid (mean-bound tuned) + LZMA	0.1.0a1	{'id': 'mask.meta', 'mask': nan, 'codec': {'id': 'combinators.stack', 'codecs': ({'id': 'replace.filter', 'replacements': {'nan': 'finite_mean'}}, {'id': 'fixedscaleoffset', 'scale': 25.002500250025, 'offset': 0, 'dtype': '<f8', 'astype': '|i1'}, {'id': 'lzma', 'format': 3, 'check': -1, 'preset': None, 'filters': [{'id': 3, 'dist': 1}, {'id': 33, 'preset': 2147483657, 'lc': 1, 'lp': 1, 'pb': 1}]})}, 'bitmap_codec': {'id': 'combinators.stack', 'codecs': ({'id': 'packbits'}, {'id': 'lzma', 'format': 1, 'check': -1, 'preset': 2147483657, 'filters': None})}}	0.0133	0.6872
@Lagnajee	59.90	wdw	default	FixedScaleOffset grid (mean-bound tuned) + LZMA	0.1.0a1	{'id': 'mask.meta', 'mask': nan, 'codec': {'id': 'combinators.stack', 'codecs': ({'id': 'replace.filter', 'replacements': {'nan': 'finite_mean'}}, {'id': 'fixedscaleoffset', 'scale': 35.71785750003572, 'offset': 0, 'dtype': '<f8', 'astype': '|i1'}, {'id': 'lzma', 'format': 3, 'check': -1, 'preset': None, 'filters': [{'id': 3, 'dist': 1}, {'id': 33, 'preset': 2147483657, 'lc': 1, 'lp': 1, 'pb': 1}]})}, 'bitmap_codec': {'id': 'combinators.stack', 'codecs': ({'id': 'packbits'}, {'id': 'lzma', 'format': 1, 'check': -1, 'preset': 2147483657, 'filters': None})}}	0.0142	0.6243
@Lagnajee	16.41	wind	default	FixedScaleOffset grid (mean-bound tuned) + LZMA	0.1.0a1	{'id': 'mask.meta', 'mask': nan, 'codec': {'id': 'combinators.stack', 'codecs': ({'id': 'replace.filter', 'replacements': {'nan': 'finite_mean'}}, {'id': 'fixedscaleoffset', 'scale': 25.002500250025, 'offset': 0, 'dtype': '<f8', 'astype': '<i2'}, {'id': 'lzma', 'format': 3, 'check': -1, 'preset': None, 'filters': [{'id': 3, 'dist': 2}, {'id': 33, 'preset': 2147483657, 'lc': 1, 'lp': 1, 'pb': 1}]})}, 'bitmap_codec': {'id': 'combinators.stack', 'codecs': ({'id': 'packbits'}, {'id': 'lzma', 'format': 1, 'check': -1, 'preset': 2147483657, 'filters': None})}}	0.0115	0.3351
@Lagnajee	42.03	wmb	default	FixedScaleOffset grid (mean-bound tuned) + LZMA	0.1.0a1	{'id': 'mask.meta', 'mask': nan, 'codec': {'id': 'combinators.stack', 'codecs': ({'id': 'replace.filter', 'replacements': {'nan': 'finite_mean'}}, {'id': 'fixedscaleoffset', 'scale': 1.785892875001786, 'offset': 0, 'dtype': '<f8', 'astype': '<i2'}, {'id': 'lzma', 'format': 3, 'check': -1, 'preset': None, 'filters': [{'id': 3, 'dist': 2}, {'id': 33, 'preset': 2147483657, 'lc': 1, 'lp': 1, 'pb': 1}]})}, 'bitmap_codec': {'id': 'combinators.stack', 'codecs': ({'id': 'packbits'}, {'id': 'lzma', 'format': 1, 'check': -1, 'preset': 2147483657, 'filters': None})}}	0.0081	0.5014
@Lagnajee	65.33	wsk	default	FixedScaleOffset grid (mean-bound tuned) + LZMA	0.1.0a1	{'id': 'mask.meta', 'mask': nan, 'codec': {'id': 'combinators.stack', 'codecs': ({'id': 'replace.filter', 'replacements': {'nan': 'finite_mean'}}, {'id': 'fixedscaleoffset', 'scale': 291.80300120977836, 'offset': 0, 'dtype': '<f8', 'astype': '|i1'}, {'id': 'lzma', 'format': 3, 'check': -1, 'preset': None, 'filters': [{'id': 3, 'dist': 1}, {'id': 33, 'preset': 2147483657, 'lc': 1, 'lp': 1, 'pb': 1}]})}, 'bitmap_codec': {'id': 'combinators.stack', 'codecs': ({'id': 'packbits'}, {'id': 'lzma', 'format': 1, 'check': -1, 'preset': 2147483657, 'filters': None})}}	0.0140	0.6213
@Lagnajee	34.92	wsp	default	PwRatio (mean-bound tuned) + LZMA	0.1.0a1	{'id': 'mask.meta', 'mask': nan, 'codec': {'id': 'combinators.stack', 'codecs': ({'id': 'replace.filter', 'replacements': {'nan': 'finite_mean'}}, {'id': 'pw_ratio', 'eb_ratio': 1.019, 'eb_abs_marker': '$eb_abs', 'log_codec': {'id': 'fixedscaleoffset', 'scale': 18.41530001266561, 'offset': 0, 'dtype': '<f8', 'astype': '<i2'}, 'sign_codec': {'id': 'zstd.rs', 'level': 19, '_version': '0.1.0'}}, {'id': 'lzma', 'format': 3, 'check': -1, 'preset': None, 'filters': [{'id': 3, 'dist': 2}, {'id': 33, 'preset': 2147483657, 'lc': 1, 'lp': 1, 'pb': 1}]})}, 'bitmap_codec': {'id': 'combinators.stack', 'codecs': ({'id': 'packbits'}, {'id': 'lzma', 'format': 1, 'check': -1, 'preset': 2147483657, 'filters': None})}}	0.0099	0.3226
@Lagnajee	40.05	wss	default	PwRatio (mean-bound tuned) + LZMA	0.1.0a1	{'id': 'mask.meta', 'mask': nan, 'codec': {'id': 'combinators.stack', 'codecs': ({'id': 'replace.filter', 'replacements': {'nan': 'finite_mean'}}, {'id': 'pw_ratio', 'eb_ratio': 1.019, 'eb_abs_marker': '$eb_abs', 'log_codec': {'id': 'fixedscaleoffset', 'scale': 18.41530001266561, 'offset': 0, 'dtype': '<f8', 'astype': '<i2'}, 'sign_codec': {'id': 'zstd.rs', 'level': 19, '_version': '0.1.0'}}, {'id': 'lzma', 'format': 3, 'check': -1, 'preset': None, 'filters': [{'id': 3, 'dist': 2}, {'id': 33, 'preset': 2147483657, 'lc': 1, 'lp': 1, 'pb': 1}]})}, 'bitmap_codec': {'id': 'combinators.stack', 'codecs': ({'id': 'packbits'}, {'id': 'lzma', 'format': 1, 'check': -1, 'preset': 2147483657, 'filters': None})}}	0.0096	0.4157
@Lagnajee	33.78	wstar	default	FixedScaleOffset grid (mean-bound tuned) + LZMA	0.1.0a1	{'id': 'mask.meta', 'mask': nan, 'codec': {'id': 'combinators.stack', 'codecs': ({'id': 'replace.filter', 'replacements': {'nan': 'finite_mean'}}, {'id': 'fixedscaleoffset', 'scale': 25.002500250025, 'offset': 0, 'dtype': '<f8', 'astype': '|i1'}, {'id': 'lzma', 'format': 3, 'check': -1, 'preset': None, 'filters': [{'id': 3, 'dist': 1}, {'id': 33, 'preset': 2147483657, 'lc': 1, 'lp': 1, 'pb': 1}]})}, 'bitmap_codec': {'id': 'combinators.stack', 'codecs': ({'id': 'packbits'}, {'id': 'lzma', 'format': 1, 'check': -1, 'preset': 2147483657, 'filters': None})}}	0.0163	0.5444
@Lagnajee	23.63	z	default	FixedScaleOffset grid + LZMA	0.1.0a1	{'id': 'combinators.framed', 'codecs': ({'id': 'fixedscaleoffset', 'scale': 0.05000500050005, 'offset': 0, 'dtype': '<f8', 'astype': '<i2'}, {'id': 'lzma', 'format': 3, 'check': -1, 'preset': None, 'filters': [{'id': 3, 'dist': 2}, {'id': 33, 'preset': 2147483657, 'lc': 1, 'lp': 1, 'pb': 1}]})}	0.0139	0.4998
@Lagnajee	27.67	zust	default	FixedScaleOffset grid (mean-bound tuned) + LZMA	0.1.0a1	{'id': 'combinators.framed', 'codecs': ({'id': 'fixedscaleoffset', 'scale': 94.35093976851351, 'offset': 0, 'dtype': '<f8', 'astype': '<i2'}, {'id': 'lzma', 'format': 3, 'check': -1, 'preset': None, 'filters': [{'id': 3, 'dist': 2}, {'id': 33, 'preset': 2147483657, 'lc': 1, 'lp': 1, 'pb': 1}]})}	0.0102	0.5717
