Author	Compression	Decompression Throughput (GB/s)	Variable	Default/all timestep(s)	Config Short	Version of compression-recommendations	Configuration
@Lagnajee	19.29	0.0667	100u	default	SPERR (mean-bound tuned) + LZMA	0.1.0a1	{'id': 'combinators.stack', 'codecs': ({'id': 'sperr.rs', 'mode': 'q', 'q': 0.04362030930661031, '_version': '0.2.0'}, {'id': 'lzma', 'format': 1, 'check': -1, 'preset': 2147483657, 'filters': None})}
@Lagnajee	19.47	0.0654	100v	default	SPERR (mean-bound tuned) + LZMA	0.1.0a1	{'id': 'combinators.stack', 'codecs': ({'id': 'sperr.rs', 'mode': 'q', 'q': 0.04362030930661031, '_version': '0.2.0'}, {'id': 'lzma', 'format': 1, 'check': -1, 'preset': 2147483657, 'filters': None})}
@Lagnajee	76.19	0.2853	10fg	default	SZ3 (mean-bound tuned) + LZMA	0.1.0a1	{'id': 'combinators.stack', 'codecs': ({'id': 'sz3.rs', 'predictor': 'interpolation-lorenzo', 'eb_mode': 'abs', 'eb_abs': 0.5, '_version': '0.2.0'}, {'id': 'lzma', 'format': 1, 'check': -1, 'preset': 2147483657, 'filters': None})}
@Lagnajee	4862.95	0.1446	10u	default	SPERR (mean-bound tuned) + LZMA	0.1.0a1	{'id': 'combinators.stack', 'codecs': ({'id': 'sperr.rs', 'mode': 'pwe', 'pwe': 33.94771214057639, '_version': '0.2.0'}, {'id': 'lzma', 'format': 1, 'check': -1, 'preset': 2147483657, 'filters': None})}
@Lagnajee	4504.30	0.1355	10v	default	SPERR (mean-bound tuned) + LZMA	0.1.0a1	{'id': 'combinators.stack', 'codecs': ({'id': 'sperr.rs', 'mode': 'pwe', 'pwe': 30.08105561516101, '_version': '0.2.0'}, {'id': 'lzma', 'format': 1, 'check': -1, 'preset': 2147483657, 'filters': None})}
@Lagnajee	23.44	0.1189	2d	default	Recommended Safeguards + SZ3 + LZMA	0.1.0a1	{'id': 'combinators.stack', 'codecs': ({'id': 'safeguards', 'codec': {'id': 'sz3.rs', 'predictor': 'interpolation-lorenzo', 'eb_mode': 'abs', 'eb_abs': 0.05, '_version': '0.2.0'}, 'safeguards': [{'kind': 'any', 'safeguards': [{'kind': 'all', 'safeguards': [{'kind': 'eb', 'type': 'abs', 'eb': 0.05, 'equal_nan': False}]}]}], 'fixed_constants': {}, 'lossless': {'for_codec': None, 'for_corrections': {'id': 'combinators.best', 'codecs': ({'id': 'combinators.stack', 'codecs': ({'id': 'tokenize'}, {'id': 'bitmap-index', 'max_bitmaps': 1, 'cost_factor': 1}, {'id': 'shuffle.typed-byte'}, {'id': 'combinators.framed', 'codecs': ({'id': 'zstd', 'level': 3, 'checksum': False},)})}, {'id': 'combinators.stack', 'codecs': ({'id': 'delta.binary'}, {'id': 'tokenize'}, {'id': 'bitmap-index', 'max_bitmaps': 1, 'cost_factor': 1}, {'id': 'shuffle.typed-byte'}, {'id': 'combinators.framed', 'codecs': ({'id': 'zstd', 'level': 3, 'checksum': False},)})})}}, 'compute': {'unstable_iterative': False, 'unstable_lossless_corrections': False}, '_version': '1.0.0'}, {'id': 'lzma', 'format': 1, 'check': -1, 'preset': 2147483657, 'filters': None})}
@Lagnajee	24.96	0.1229	2t	default	Recommended Safeguards + SZ3 + LZMA	0.1.0a1	{'id': 'combinators.stack', 'codecs': ({'id': 'safeguards', 'codec': {'id': 'sz3.rs', 'predictor': 'interpolation-lorenzo', 'eb_mode': 'abs', 'eb_abs': 0.05, '_version': '0.2.0'}, 'safeguards': [{'kind': 'any', 'safeguards': [{'kind': 'all', 'safeguards': [{'kind': 'eb', 'type': 'abs', 'eb': 0.05, 'equal_nan': False}]}]}], 'fixed_constants': {}, 'lossless': {'for_codec': None, 'for_corrections': {'id': 'combinators.best', 'codecs': ({'id': 'combinators.stack', 'codecs': ({'id': 'tokenize'}, {'id': 'bitmap-index', 'max_bitmaps': 1, 'cost_factor': 1}, {'id': 'shuffle.typed-byte'}, {'id': 'combinators.framed', 'codecs': ({'id': 'zstd', 'level': 3, 'checksum': False},)})}, {'id': 'combinators.stack', 'codecs': ({'id': 'delta.binary'}, {'id': 'tokenize'}, {'id': 'bitmap-index', 'max_bitmaps': 1, 'cost_factor': 1}, {'id': 'shuffle.typed-byte'}, {'id': 'combinators.framed', 'codecs': ({'id': 'zstd', 'level': 3, 'checksum': False},)})})}}, 'compute': {'unstable_iterative': False, 'unstable_lossless_corrections': False}, '_version': '1.0.0'}, {'id': 'lzma', 'format': 1, 'check': -1, 'preset': 2147483657, 'filters': None})}
@Lagnajee	1773.25	0.1432	alnid	default	SPERR (mean-bound tuned) + LZMA	0.1.0a1	{'id': 'combinators.stack', 'codecs': ({'id': 'sperr.rs', 'mode': 'q', 'q': 0.3489624744528825, '_version': '0.2.0'}, {'id': 'lzma', 'format': 1, 'check': -1, 'preset': 2147483657, 'filters': None})}
@Lagnajee	2264.43	0.1363	alnip	default	SPERR (mean-bound tuned) + LZMA	0.1.0a1	{'id': 'combinators.stack', 'codecs': ({'id': 'sperr.rs', 'mode': 'q', 'q': 0.3805462768008707, '_version': '0.2.0'}, {'id': 'lzma', 'format': 1, 'check': -1, 'preset': 2147483657, 'filters': None})}
@Lagnajee	6350.09	0.1612	aluvd	default	SPERR (mean-bound tuned) + LZMA	0.1.0a1	{'id': 'combinators.stack', 'codecs': ({'id': 'sperr.rs', 'mode': 'pwe', 'pwe': 0.32, '_version': '0.2.0'}, {'id': 'lzma', 'format': 1, 'check': -1, 'preset': 2147483657, 'filters': None})}
@Lagnajee	6529.81	0.1556	aluvp	default	SPERR (mean-bound tuned) + LZMA	0.1.0a1	{'id': 'combinators.stack', 'codecs': ({'id': 'sperr.rs', 'mode': 'pwe', 'pwe': 0.32, '_version': '0.2.0'}, {'id': 'lzma', 'format': 1, 'check': -1, 'preset': 2147483657, 'filters': None})}
@Lagnajee	170.43	0.1213	anor	default	SPERR (mean-bound tuned) + LZMA	0.1.0a1	{'id': 'combinators.stack', 'codecs': ({'id': 'sperr.rs', 'mode': 'pwe', 'pwe': 0.8532877732894257, '_version': '0.2.0'}, {'id': 'lzma', 'format': 1, 'check': -1, 'preset': 2147483657, 'filters': None})}
@Lagnajee	1677.29	0.1812	asn	default	SPERR (mean-bound tuned) + LZMA	0.1.0a1	{'id': 'combinators.stack', 'codecs': ({'id': 'sperr.rs', 'mode': 'q', 'q': 0.07268146657232812, '_version': '0.2.0'}, {'id': 'lzma', 'format': 1, 'check': -1, 'preset': 2147483657, 'filters': None})}
@Lagnajee	31.26	0.5215	avg_cpr	default	FixedScaleOffset grid (mean-bound tuned) + LZMA	0.1.0a1	{'id': 'combinators.framed', 'codecs': ({'id': 'fixedscaleoffset', 'scale': 687973.1608606763, 'offset': 0, 'dtype': '<f8', 'astype': '<i2'}, {'id': 'lzma', 'format': 3, 'check': -1, 'preset': None, 'filters': [{'id': 3, 'dist': 2}, {'id': 33, 'preset': 2147483657, 'lc': 1, 'lp': 1, 'pb': 1}]})}
@Lagnajee	398.67	0.6866	avg_csfr	default	FixedScaleOffset grid (mean-bound tuned) + LZMA	0.1.0a1	{'id': 'combinators.framed', 'codecs': ({'id': 'fixedscaleoffset', 'scale': 1571680.6545353236, 'offset': 0, 'dtype': '<f8', 'astype': '<i2'}, {'id': 'lzma', 'format': 3, 'check': -1, 'preset': None, 'filters': [{'id': 3, 'dist': 2}, {'id': 33, 'preset': 2147483657, 'lc': 1, 'lp': 1, 'pb': 1}]})}
@Lagnajee	3208.16	1.0837	avg_esrwe	default	FixedScaleOffset grid (mean-bound tuned) + LZMA	0.1.0a1	{'id': 'combinators.framed', 'codecs': ({'id': 'fixedscaleoffset', 'scale': 312531.25312531256, 'offset': 0, 'dtype': '<f8', 'astype': '|i1'}, {'id': 'lzma', 'format': 3, 'check': -1, 'preset': None, 'filters': [{'id': 3, 'dist': 1}, {'id': 33, 'preset': 2147483657, 'lc': 1, 'lp': 1, 'pb': 1}]})}
@Lagnajee	120.42	0.1414	avg_ibld	default	SPERR (mean-bound tuned) + LZMA	0.1.0a1	{'id': 'combinators.stack', 'codecs': ({'id': 'sperr.rs', 'mode': 'q', 'q': 0.9513656920021768, '_version': '0.2.0'}, {'id': 'lzma', 'format': 1, 'check': -1, 'preset': 2147483657, 'filters': None})}
@Lagnajee	36.19	0.0915	avg_ie	default	SPERR (mean-bound tuned) + LZMA	0.1.0a1	{'id': 'combinators.stack', 'codecs': ({'id': 'sperr.rs', 'mode': 'q', 'q': 1.5790496967268924e-06, '_version': '0.2.0'}, {'id': 'lzma', 'format': 1, 'check': -1, 'preset': 2147483657, 'filters': None})}
@Lagnajee	64.85	0.5342	avg_iegwss	default	FixedScaleOffset grid (mean-bound tuned) + LZMA	0.1.0a1	{'id': 'combinators.framed', 'codecs': ({'id': 'fixedscaleoffset', 'scale': 561.7479884538649, 'offset': 0, 'dtype': '<f8', 'astype': '<i2'}, {'id': 'lzma', 'format': 3, 'check': -1, 'preset': None, 'filters': [{'id': 3, 'dist': 2}, {'id': 33, 'preset': 2147483657, 'lc': 1, 'lp': 1, 'pb': 1}]})}
@Lagnajee	33.09	0.0972	avg_iews	default	SPERR (mean-bound tuned) + LZMA	0.1.0a1	{'id': 'combinators.stack', 'codecs': ({'id': 'sperr.rs', 'mode': 'q', 'q': 0.005879607560369002, '_version': '0.2.0'}, {'id': 'lzma', 'format': 1, 'check': -1, 'preset': 2147483657, 'filters': None})}
@Lagnajee	57.24	0.2180	avg_igwd	default	Recommended Safeguards + LZMA	0.1.0a1	{'id': 'safeguards', 'codec': {'id': 'zero'}, 'safeguards': [{'kind': 'any', 'safeguards': [{'kind': 'all', 'safeguards': [{'kind': 'everywhere', 'safeguard': {'kind': 'eb', 'type': 'rel', 'eb': 0.01, 'equal_nan': False}}]}]}], 'fixed_constants': {}, 'lossless': {'for_codec': None, 'for_corrections': {'id': 'combinators.best', 'codecs': ({'id': 'combinators.stack', 'codecs': ({'id': 'tokenize'}, {'id': 'bitmap-index', 'max_bitmaps': 1, 'cost_factor': 1}, {'id': 'shuffle.typed-byte'}, {'id': 'combinators.framed', 'codecs': ({'id': 'zstd', 'level': 3, 'checksum': False},)})}, {'id': 'combinators.stack', 'codecs': ({'id': 'delta.binary'}, {'id': 'tokenize'}, {'id': 'bitmap-index', 'max_bitmaps': 1, 'cost_factor': 1}, {'id': 'shuffle.typed-byte'}, {'id': 'combinators.framed', 'codecs': ({'id': 'zstd', 'level': 3, 'checksum': False},)})})}}, 'compute': {'unstable_iterative': False, 'unstable_lossless_corrections': False}, '_version': '1.0.0'}
@Lagnajee	26.92	0.4172	avg_ilspf	default	FixedScaleOffset grid (mean-bound tuned) + LZMA	0.1.0a1	{'id': 'combinators.framed', 'codecs': ({'id': 'fixedscaleoffset', 'scale': 69.41560025508659, 'offset': 0, 'dtype': '<f8', 'astype': '|i1'}, {'id': 'lzma', 'format': 3, 'check': -1, 'preset': None, 'filters': [{'id': 3, 'dist': 1}, {'id': 33, 'preset': 2147483657, 'lc': 1, 'lp': 1, 'pb': 1}]})}
@Lagnajee	54.37	0.3218	avg_ingwss	default	PwRatio (mean-bound tuned) + LZMA	0.1.0a1	{'id': 'combinators.stack', 'codecs': ({'id': 'pw_ratio', 'eb_ratio': 1.019, 'eb_abs_marker': '$eb_abs', 'log_codec': {'id': 'fixedscaleoffset', 'scale': 18.41530001266561, 'offset': 0, 'dtype': '<f8', 'astype': '<i2'}, 'sign_codec': {'id': 'zstd.rs', 'level': 19, '_version': '0.1.0'}}, {'id': 'lzma', 'format': 3, 'check': -1, 'preset': None, 'filters': [{'id': 3, 'dist': 2}, {'id': 33, 'preset': 2147483657, 'lc': 1, 'lp': 1, 'pb': 1}]})}
@Lagnajee	32.59	0.0894	avg_inss	default	SPERR (mean-bound tuned) + LZMA	0.1.0a1	{'id': 'combinators.stack', 'codecs': ({'id': 'sperr.rs', 'mode': 'q', 'q': 0.005353229997488785, '_version': '0.2.0'}, {'id': 'lzma', 'format': 1, 'check': -1, 'preset': 2147483657, 'filters': None})}
@Lagnajee	16.76	0.0719	avg_ishf	default	SPERR (mean-bound tuned) + LZMA	0.1.0a1	{'id': 'combinators.stack', 'codecs': ({'id': 'sperr.rs', 'mode': 'q', 'q': 0.4362030930661031, '_version': '0.2.0'}, {'id': 'lzma', 'format': 1, 'check': -1, 'preset': 2147483657, 'filters': None})}
@Lagnajee	32.58	0.4848	avg_lsprate	default	FixedScaleOffset grid (mean-bound tuned) + LZMA	0.1.0a1	{'id': 'combinators.framed', 'codecs': ({'id': 'fixedscaleoffset', 'scale': 922797.1601501189, 'offset': 0, 'dtype': '<f8', 'astype': '<i2'}, {'id': 'lzma', 'format': 3, 'check': -1, 'preset': None, 'filters': [{'id': 3, 'dist': 2}, {'id': 33, 'preset': 2147483657, 'lc': 1, 'lp': 1, 'pb': 1}]})}
@Lagnajee	153.36	0.6760	avg_lssfr	default	FixedScaleOffset grid (mean-bound tuned) + LZMA	0.1.0a1	{'id': 'combinators.framed', 'codecs': ({'id': 'fixedscaleoffset', 'scale': 1452014.6665389808, 'offset': 0, 'dtype': '<f8', 'astype': '<i2'}, {'id': 'lzma', 'format': 3, 'check': -1, 'preset': None, 'filters': [{'id': 3, 'dist': 2}, {'id': 33, 'preset': 2147483657, 'lc': 1, 'lp': 1, 'pb': 1}]})}
@Lagnajee	71.25	0.6942	avg_pevr	default	FixedScaleOffset grid (mean-bound tuned) + LZMA	0.1.0a1	{'id': 'combinators.framed', 'codecs': ({'id': 'fixedscaleoffset', 'scale': 459835.3973060251, 'offset': 0, 'dtype': '<f8', 'astype': '<i2'}, {'id': 'lzma', 'format': 3, 'check': -1, 'preset': None, 'filters': [{'id': 3, 'dist': 2}, {'id': 33, 'preset': 2147483657, 'lc': 1, 'lp': 1, 'pb': 1}]})}
@Lagnajee	78.71	0.6990	avg_rorwe	default	FixedScaleOffset grid (mean-bound tuned) + LZMA	0.1.0a1	{'id': 'combinators.framed', 'codecs': ({'id': 'fixedscaleoffset', 'scale': 2202734.4110053694, 'offset': 0, 'dtype': '<f8', 'astype': '<i2'}, {'id': 'lzma', 'format': 3, 'check': -1, 'preset': None, 'filters': [{'id': 3, 'dist': 2}, {'id': 33, 'preset': 2147483657, 'lc': 1, 'lp': 1, 'pb': 1}]})}
@Lagnajee	25.26	0.4841	avg_sdirswrf	default	FixedScaleOffset grid (mean-bound tuned) + LZMA	0.1.0a1	{'id': 'combinators.framed', 'codecs': ({'id': 'fixedscaleoffset', 'scale': 1.25012501250125, 'offset': 0, 'dtype': '<f8', 'astype': '<i2'}, {'id': 'lzma', 'format': 3, 'check': -1, 'preset': None, 'filters': [{'id': 3, 'dist': 2}, {'id': 33, 'preset': 2147483657, 'lc': 1, 'lp': 1, 'pb': 1}]})}
@Lagnajee	61.90	0.7343	avg_sdirswrfcs	default	FixedScaleOffset grid (mean-bound tuned) + LZMA	0.1.0a1	{'id': 'combinators.framed', 'codecs': ({'id': 'fixedscaleoffset', 'scale': 1.3632709929308653, 'offset': 0, 'dtype': '<f8', 'astype': '<i2'}, {'id': 'lzma', 'format': 3, 'check': -1, 'preset': None, 'filters': [{'id': 3, 'dist': 2}, {'id': 33, 'preset': 2147483657, 'lc': 1, 'lp': 1, 'pb': 1}]})}
@Lagnajee	20.47	0.0771	avg_sdlwrf	default	SPERR (mean-bound tuned) + LZMA	0.1.0a1	{'id': 'combinators.stack', 'codecs': ({'id': 'sperr.rs', 'mode': 'q', 'q': 0.4362030930661031, '_version': '0.2.0'}, {'id': 'lzma', 'format': 1, 'check': -1, 'preset': 2147483657, 'filters': None})}
@Lagnajee	51.04	0.1075	avg_sdlwrfcs	default	SPERR (mean-bound tuned) + LZMA	0.1.0a1	{'id': 'combinators.stack', 'codecs': ({'id': 'sperr.rs', 'mode': 'q', 'q': 0.6168843301631765, '_version': '0.2.0'}, {'id': 'lzma', 'format': 1, 'check': -1, 'preset': 2147483657, 'filters': None})}
@Lagnajee	24.02	0.5112	avg_sdswrf	default	FixedScaleOffset grid (mean-bound tuned) + LZMA	0.1.0a1	{'id': 'combinators.framed', 'codecs': ({'id': 'fixedscaleoffset', 'scale': 1.3632709929308653, 'offset': 0, 'dtype': '<f8', 'astype': '<i2'}, {'id': 'lzma', 'format': 3, 'check': -1, 'preset': None, 'filters': [{'id': 3, 'dist': 2}, {'id': 33, 'preset': 2147483657, 'lc': 1, 'lp': 1, 'pb': 1}]})}
@Lagnajee	62.68	0.7256	avg_sdswrfcs	default	FixedScaleOffset grid (mean-bound tuned) + LZMA	0.1.0a1	{'id': 'combinators.framed', 'codecs': ({'id': 'fixedscaleoffset', 'scale': 1.3632709929308653, 'offset': 0, 'dtype': '<f8', 'astype': '<i2'}, {'id': 'lzma', 'format': 3, 'check': -1, 'preset': None, 'filters': [{'id': 3, 'dist': 2}, {'id': 33, 'preset': 2147483657, 'lc': 1, 'lp': 1, 'pb': 1}]})}
@Lagnajee	65.10	0.8720	avg_sduvrf	default	FixedScaleOffset grid (mean-bound tuned) + LZMA	0.1.0a1	{'id': 'combinators.framed', 'codecs': ({'id': 'fixedscaleoffset', 'scale': 0.892946437500893, 'offset': 0, 'dtype': '<f8', 'astype': '|i1'}, {'id': 'lzma', 'format': 3, 'check': -1, 'preset': None, 'filters': [{'id': 3, 'dist': 1}, {'id': 33, 'preset': 2147483657, 'lc': 1, 'lp': 1, 'pb': 1}]})}
@Lagnajee	14.91	0.0722	avg_slhtf	default	SPERR (mean-bound tuned) + LZMA	0.1.0a1	{'id': 'combinators.stack', 'codecs': ({'id': 'sperr.rs', 'mode': 'q', 'q': 0.4362030930661031, '_version': '0.2.0'}, {'id': 'lzma', 'format': 1, 'check': -1, 'preset': 2147483657, 'filters': None})}
@Lagnajee	3498.70	1.0573	avg_smr	default	FixedScaleOffset grid (mean-bound tuned) + LZMA	0.1.0a1	{'id': 'combinators.framed', 'codecs': ({'id': 'fixedscaleoffset', 'scale': 31253.125312531254, 'offset': 0, 'dtype': '<f8', 'astype': '|i1'}, {'id': 'lzma', 'format': 3, 'check': -1, 'preset': None, 'filters': [{'id': 3, 'dist': 1}, {'id': 33, 'preset': 2147483657, 'lc': 1, 'lp': 1, 'pb': 1}]})}
@Lagnajee	17.97	0.0757	avg_snlwrf	default	SPERR (mean-bound tuned) + LZMA	0.1.0a1	{'id': 'combinators.stack', 'codecs': ({'id': 'sperr.rs', 'mode': 'q', 'q': 0.4362030930661031, '_version': '0.2.0'}, {'id': 'lzma', 'format': 1, 'check': -1, 'preset': 2147483657, 'filters': None})}
@Lagnajee	42.57	0.1082	avg_snlwrfcs	default	SPERR (mean-bound tuned) + LZMA	0.1.0a1	{'id': 'combinators.stack', 'codecs': ({'id': 'sperr.rs', 'mode': 'q', 'q': 0.5656854249492381, '_version': '0.2.0'}, {'id': 'lzma', 'format': 1, 'check': -1, 'preset': 2147483657, 'filters': None})}
@Lagnajee	34.20	0.1205	avg_snswrf	default	SPERR (mean-bound tuned) + LZMA	0.1.0a1	{'id': 'combinators.stack', 'codecs': ({'id': 'sperr.rs', 'mode': 'q', 'q': 0.8724061861322062, '_version': '0.2.0'}, {'id': 'lzma', 'format': 1, 'check': -1, 'preset': 2147483657, 'filters': None})}
@Lagnajee	44.50	0.5248	avg_snswrfcs	default	FixedScaleOffset grid (mean-bound tuned) + LZMA	0.1.0a1	{'id': 'combinators.framed', 'codecs': ({'id': 'fixedscaleoffset', 'scale': 1.3632709929308653, 'offset': 0, 'dtype': '<f8', 'astype': '<i2'}, {'id': 'lzma', 'format': 3, 'check': -1, 'preset': None, 'filters': [{'id': 3, 'dist': 2}, {'id': 33, 'preset': 2147483657, 'lc': 1, 'lp': 1, 'pb': 1}]})}
@Lagnajee	802.89	1.0723	avg_ssurfror	default	FixedScaleOffset grid (mean-bound tuned) + LZMA	0.1.0a1	{'id': 'combinators.framed', 'codecs': ({'id': 'fixedscaleoffset', 'scale': 31253.125312531254, 'offset': 0, 'dtype': '<f8', 'astype': '|i1'}, {'id': 'lzma', 'format': 3, 'check': -1, 'preset': None, 'filters': [{'id': 3, 'dist': 1}, {'id': 33, 'preset': 2147483657, 'lc': 1, 'lp': 1, 'pb': 1}]})}
@Lagnajee	1178.98	1.1289	avg_surfror	default	FixedScaleOffset grid (mean-bound tuned) + LZMA	0.1.0a1	{'id': 'combinators.framed', 'codecs': ({'id': 'fixedscaleoffset', 'scale': 31253.125312531254, 'offset': 0, 'dtype': '<f8', 'astype': '|i1'}, {'id': 'lzma', 'format': 3, 'check': -1, 'preset': None, 'filters': [{'id': 3, 'dist': 1}, {'id': 33, 'preset': 2147483657, 'lc': 1, 'lp': 1, 'pb': 1}]})}
@Lagnajee	144.56	0.7301	avg_tdswrf	default	FixedScaleOffset grid (mean-bound tuned) + LZMA	0.1.0a1	{'id': 'combinators.framed', 'codecs': ({'id': 'fixedscaleoffset', 'scale': 1.3632709929308653, 'offset': 0, 'dtype': '<f8', 'astype': '<i2'}, {'id': 'lzma', 'format': 3, 'check': -1, 'preset': None, 'filters': [{'id': 3, 'dist': 2}, {'id': 33, 'preset': 2147483657, 'lc': 1, 'lp': 1, 'pb': 1}]})}
@Lagnajee	24.32	0.0857	avg_tnlwrf	default	SPERR (mean-bound tuned) + LZMA	0.1.0a1	{'id': 'combinators.stack', 'codecs': ({'id': 'sperr.rs', 'mode': 'q', 'q': 0.47568284600108846, '_version': '0.2.0'}, {'id': 'lzma', 'format': 1, 'check': -1, 'preset': 2147483657, 'filters': None})}
@Lagnajee	81.84	0.1178	avg_tnlwrfcs	default	SPERR (mean-bound tuned) + LZMA	0.1.0a1	{'id': 'combinators.stack', 'codecs': ({'id': 'sperr.rs', 'mode': 'pwe', 'pwe': 0.5187358218604039, '_version': '0.2.0'}, {'id': 'lzma', 'format': 1, 'check': -1, 'preset': 2147483657, 'filters': None})}
@Lagnajee	23.53	0.4494	avg_tnswrf	default	FixedScaleOffset grid (mean-bound tuned) + LZMA	0.1.0a1	{'id': 'combinators.framed', 'codecs': ({'id': 'fixedscaleoffset', 'scale': 1.3632709929308653, 'offset': 0, 'dtype': '<f8', 'astype': '<i2'}, {'id': 'lzma', 'format': 3, 'check': -1, 'preset': None, 'filters': [{'id': 3, 'dist': 2}, {'id': 33, 'preset': 2147483657, 'lc': 1, 'lp': 1, 'pb': 1}]})}
@Lagnajee	50.20	0.6917	avg_tnswrfcs	default	FixedScaleOffset grid (mean-bound tuned) + LZMA	0.1.0a1	{'id': 'combinators.framed', 'codecs': ({'id': 'fixedscaleoffset', 'scale': 1.3632709929308653, 'offset': 0, 'dtype': '<f8', 'astype': '<i2'}, {'id': 'lzma', 'format': 3, 'check': -1, 'preset': None, 'filters': [{'id': 3, 'dist': 2}, {'id': 33, 'preset': 2147483657, 'lc': 1, 'lp': 1, 'pb': 1}]})}
@Lagnajee	24.80	0.4648	avg_tprate	default	FixedScaleOffset grid (mean-bound tuned) + LZMA	0.1.0a1	{'id': 'combinators.framed', 'codecs': ({'id': 'fixedscaleoffset', 'scale': 592864.4796639531, 'offset': 0, 'dtype': '<f8', 'astype': '<i2'}, {'id': 'lzma', 'format': 3, 'check': -1, 'preset': None, 'filters': [{'id': 3, 'dist': 2}, {'id': 33, 'preset': 2147483657, 'lc': 1, 'lp': 1, 'pb': 1}]})}
@Lagnajee	126.73	0.8528	avg_tsrwe	default	FixedScaleOffset grid (mean-bound tuned) + LZMA	0.1.0a1	{'id': 'combinators.framed', 'codecs': ({'id': 'fixedscaleoffset', 'scale': 1672413.0673241962, 'offset': 0, 'dtype': '<f8', 'astype': '<i2'}, {'id': 'lzma', 'format': 3, 'check': -1, 'preset': None, 'filters': [{'id': 3, 'dist': 2}, {'id': 33, 'preset': 2147483657, 'lc': 1, 'lp': 1, 'pb': 1}]})}
@Lagnajee	13.28	0.3573	avg_vimdf	default	FixedScaleOffset grid (mean-bound tuned) + LZMA	0.1.0a1	{'id': 'combinators.framed', 'codecs': ({'id': 'fixedscaleoffset', 'scale': 190127.11918948792, 'offset': 0, 'dtype': '<f8', 'astype': '<i2'}, {'id': 'lzma', 'format': 3, 'check': -1, 'preset': None, 'filters': [{'id': 3, 'dist': 2}, {'id': 33, 'preset': 2147483657, 'lc': 1, 'lp': 1, 'pb': 1}]})}
@Lagnajee	59.43	0.6489	bfi	default	FixedScaleOffset grid (mean-bound tuned) + LZMA	0.1.0a1	{'id': 'mask.meta', 'mask': nan, 'codec': {'id': 'combinators.stack', 'codecs': ({'id': 'replace.filter', 'replacements': {'nan': 'finite_mean'}}, {'id': 'fixedscaleoffset', 'scale': 35.71785750003572, 'offset': 0, 'dtype': '<f8', 'astype': '<i2'}, {'id': 'lzma', 'format': 3, 'check': -1, 'preset': None, 'filters': [{'id': 3, 'dist': 2}, {'id': 33, 'preset': 2147483657, 'lc': 1, 'lp': 1, 'pb': 1}]})}, 'bitmap_codec': {'id': 'combinators.stack', 'codecs': ({'id': 'packbits'}, {'id': 'lzma', 'format': 1, 'check': -1, 'preset': 2147483657, 'filters': None})}}
@Lagnajee	62.85	0.7269	bld	default	FixedScaleOffset grid (mean-bound tuned) + LZMA	0.1.0a1	{'id': 'combinators.framed', 'codecs': ({'id': 'fixedscaleoffset', 'scale': 0.00035717857500035716, 'offset': 0, 'dtype': '<f8', 'astype': '<i2'}, {'id': 'lzma', 'format': 3, 'check': -1, 'preset': None, 'filters': [{'id': 3, 'dist': 2}, {'id': 33, 'preset': 2147483657, 'lc': 1, 'lp': 1, 'pb': 1}]})}
@Lagnajee	24.73	0.5199	blh	default	FixedScaleOffset grid (mean-bound tuned) + LZMA	0.1.0a1	{'id': 'combinators.framed', 'codecs': ({'id': 'fixedscaleoffset', 'scale': 0.05000500050005, 'offset': 0, 'dtype': '<f8', 'astype': '<i2'}, {'id': 'lzma', 'format': 3, 'check': -1, 'preset': None, 'filters': [{'id': 3, 'dist': 2}, {'id': 33, 'preset': 2147483657, 'lc': 1, 'lp': 1, 'pb': 1}]})}
@Lagnajee	32.42	0.5195	cape	default	FixedScaleOffset grid (mean-bound tuned) + LZMA	0.1.0a1	{'id': 'combinators.framed', 'codecs': ({'id': 'fixedscaleoffset', 'scale': 0.1558468024006181, 'offset': 0, 'dtype': '<f8', 'astype': '<i2'}, {'id': 'lzma', 'format': 3, 'check': -1, 'preset': None, 'filters': [{'id': 3, 'dist': 2}, {'id': 33, 'preset': 2147483657, 'lc': 1, 'lp': 1, 'pb': 1}]})}
@Lagnajee	10.80	0.2430	cbh	default	FixedScaleOffset grid (mean-bound tuned) + LZMA	0.1.0a1	{'id': 'mask.meta', 'mask': nan, 'codec': {'id': 'combinators.stack', 'codecs': ({'id': 'replace.filter', 'replacements': {'nan': 'finite_mean'}}, {'id': 'fixedscaleoffset', 'scale': 0.3571785750003572, 'offset': 0, 'dtype': '<f8', 'astype': '<i2'}, {'id': 'lzma', 'format': 3, 'check': -1, 'preset': None, 'filters': [{'id': 3, 'dist': 2}, {'id': 33, 'preset': 2147483657, 'lc': 1, 'lp': 1, 'pb': 1}]})}, 'bitmap_codec': {'id': 'combinators.stack', 'codecs': ({'id': 'packbits'}, {'id': 'lzma', 'format': 1, 'check': -1, 'preset': 2147483657, 'filters': None})}}
@Lagnajee	146.19	0.6236	cdir	default	FixedScaleOffset grid (mean-bound tuned) + LZMA	0.1.0a1	{'id': 'combinators.framed', 'codecs': ({'id': 'fixedscaleoffset', 'scale': 4.9608135416716276e-05, 'offset': 0, 'dtype': '<f8', 'astype': '<i2'}, {'id': 'lzma', 'format': 3, 'check': -1, 'preset': None, 'filters': [{'id': 3, 'dist': 2}, {'id': 33, 'preset': 2147483657, 'lc': 1, 'lp': 1, 'pb': 1}]})}
@Lagnajee	34.16	0.3705	cdww	default	PwRatio (mean-bound tuned) + LZMA	0.1.0a1	{'id': 'mask.meta', 'mask': nan, 'codec': {'id': 'combinators.stack', 'codecs': ({'id': 'replace.filter', 'replacements': {'nan': 'finite_mean'}}, {'id': 'pw_ratio', 'eb_ratio': 1.019, 'eb_abs_marker': '$eb_abs', 'log_codec': {'id': 'fixedscaleoffset', 'scale': 18.41530001266561, 'offset': 0, 'dtype': '<f8', 'astype': '<i2'}, 'sign_codec': {'id': 'zstd.rs', 'level': 19, '_version': '0.1.0'}}, {'id': 'lzma', 'format': 3, 'check': -1, 'preset': None, 'filters': [{'id': 3, 'dist': 2}, {'id': 33, 'preset': 2147483657, 'lc': 1, 'lp': 1, 'pb': 1}]})}, 'bitmap_codec': {'id': 'combinators.stack', 'codecs': ({'id': 'packbits'}, {'id': 'lzma', 'format': 1, 'check': -1, 'preset': 2147483657, 'filters': None})}}
@Lagnajee	52.21	0.5072	chnk	default	FixedScaleOffset grid (mean-bound tuned) + LZMA	0.1.0a1	{'id': 'combinators.framed', 'codecs': ({'id': 'fixedscaleoffset', 'scale': 1673.2812202020261, 'offset': 0, 'dtype': '<f8', 'astype': '<i2'}, {'id': 'lzma', 'format': 3, 'check': -1, 'preset': None, 'filters': [{'id': 3, 'dist': 2}, {'id': 33, 'preset': 2147483657, 'lc': 1, 'lp': 1, 'pb': 1}]})}
@Lagnajee	299.01	0.1554	ci	default	Recommended Safeguards + LZMA	0.1.0a1	"{'id': 'safeguards', 'codec': {'id': 'zero'}, 'safeguards': [{'kind': 'all', 'safeguards': [{'kind': 'all', 'safeguards': [{'kind': 'qoi_eb_pw', 'qoi': 'x >= c[""minimum""]', 'type': 'abs', 'eb': 0, 'qoi_dtype': 'lossless', 'early_bound': {'minimum': 0.0}}, {'kind': 'qoi_eb_pw', 'qoi': 'x <= c[""maximum""]', 'type': 'abs', 'eb': 0, 'qoi_dtype': 'lossless', 'early_bound': {'maximum': 1.0}}]}]}, {'kind': 'any', 'safeguards': [{'kind': 'all', 'safeguards': [{'kind': 'everywhere', 'safeguard': {'kind': 'eb', 'type': 'abs', 'eb': 0.05, 'equal_nan': False}}]}, {'kind': 'all', 'safeguards': [{'kind': 'everywhere', 'safeguard': {'kind': 'eb', 'type': 'rel', 'eb': 0.01, 'equal_nan': False}}, {'kind': 'eb', 'type': 'rel', 'eb': 0.05, 'equal_nan': False}]}]}], 'fixed_constants': {}, 'lossless': {'for_codec': None, 'for_corrections': {'id': 'combinators.best', 'codecs': ({'id': 'combinators.stack', 'codecs': ({'id': 'tokenize'}, {'id': 'bitmap-index', 'max_bitmaps': 1, 'cost_factor': 1}, {'id': 'shuffle.typed-byte'}, {'id': 'combinators.framed', 'codecs': ({'id': 'zstd', 'level': 3, 'checksum': False},)})}, {'id': 'combinators.stack', 'codecs': ({'id': 'delta.binary'}, {'id': 'tokenize'}, {'id': 'bitmap-index', 'max_bitmaps': 1, 'cost_factor': 1}, {'id': 'shuffle.typed-byte'}, {'id': 'combinators.framed', 'codecs': ({'id': 'zstd', 'level': 3, 'checksum': False},)})})}}, 'compute': {'unstable_iterative': False, 'unstable_lossless_corrections': False}, '_version': '1.0.0'}"
@Lagnajee	53.90	0.4215	cin	default	FixedScaleOffset grid (mean-bound tuned) + LZMA	0.1.0a1	{'id': 'mask.meta', 'mask': nan, 'codec': {'id': 'combinators.stack', 'codecs': ({'id': 'replace.filter', 'replacements': {'nan': 'finite_mean'}}, {'id': 'fixedscaleoffset', 'scale': 0.25002500250025, 'offset': 0, 'dtype': '<f8', 'astype': '<i2'}, {'id': 'lzma', 'format': 3, 'check': -1, 'preset': None, 'filters': [{'id': 3, 'dist': 2}, {'id': 33, 'preset': 2147483657, 'lc': 1, 'lp': 1, 'pb': 1}]})}, 'bitmap_codec': {'id': 'combinators.stack', 'codecs': ({'id': 'packbits'}, {'id': 'lzma', 'format': 1, 'check': -1, 'preset': 2147483657, 'filters': None})}}
@Lagnajee	60.95	0.5083	cl	default	FixedScaleOffset grid (mean-bound tuned) + LZMA	0.1.0a1	{'id': 'combinators.framed', 'codecs': ({'id': 'fixedscaleoffset', 'scale': 681.0788969860872, 'offset': 0, 'dtype': '<f8', 'astype': '<i2'}, {'id': 'lzma', 'format': 3, 'check': -1, 'preset': None, 'filters': [{'id': 3, 'dist': 2}, {'id': 33, 'preset': 2147483657, 'lc': 1, 'lp': 1, 'pb': 1}]})}
@Lagnajee	141.66	0.6809	cp	default	FixedScaleOffset grid (mean-bound tuned) + LZMA	0.1.0a1	{'id': 'combinators.framed', 'codecs': ({'id': 'fixedscaleoffset', 'scale': 6250.62506250625, 'offset': 0, 'dtype': '<f8', 'astype': '|i1'}, {'id': 'lzma', 'format': 3, 'check': -1, 'preset': None, 'filters': [{'id': 3, 'dist': 1}, {'id': 33, 'preset': 2147483657, 'lc': 1, 'lp': 1, 'pb': 1}]})}
@Lagnajee	34.23	0.3648	crr	default	FixedScaleOffset grid (mean-bound tuned) + LZMA	0.1.0a1	{'id': 'combinators.framed', 'codecs': ({'id': 'fixedscaleoffset', 'scale': 654181.7118716921, 'offset': 0, 'dtype': '<f8', 'astype': '<i2'}, {'id': 'lzma', 'format': 3, 'check': -1, 'preset': None, 'filters': [{'id': 3, 'dist': 2}, {'id': 33, 'preset': 2147483657, 'lc': 1, 'lp': 1, 'pb': 1}]})}
@Lagnajee	541.84	0.2177	csf	default	Recommended Safeguards + LZMA	0.1.0a1	"{'id': 'safeguards', 'codec': {'id': 'zero'}, 'safeguards': [{'kind': 'all', 'safeguards': [{'kind': 'qoi_eb_pw', 'qoi': 'x >= c[""minimum""]', 'type': 'abs', 'eb': 0, 'qoi_dtype': 'lossless', 'early_bound': {'minimum': 0.0}}]}, {'kind': 'any', 'safeguards': [{'kind': 'all', 'safeguards': [{'kind': 'everywhere', 'safeguard': {'kind': 'eb', 'type': 'abs', 'eb': 1e-05, 'equal_nan': False}}]}]}], 'fixed_constants': {}, 'lossless': {'for_codec': None, 'for_corrections': {'id': 'combinators.best', 'codecs': ({'id': 'combinators.stack', 'codecs': ({'id': 'tokenize'}, {'id': 'bitmap-index', 'max_bitmaps': 1, 'cost_factor': 1}, {'id': 'shuffle.typed-byte'}, {'id': 'combinators.framed', 'codecs': ({'id': 'zstd', 'level': 3, 'checksum': False},)})}, {'id': 'combinators.stack', 'codecs': ({'id': 'delta.binary'}, {'id': 'tokenize'}, {'id': 'bitmap-index', 'max_bitmaps': 1, 'cost_factor': 1}, {'id': 'shuffle.typed-byte'}, {'id': 'combinators.framed', 'codecs': ({'id': 'zstd', 'level': 3, 'checksum': False},)})})}}, 'compute': {'unstable_iterative': False, 'unstable_lossless_corrections': False}, '_version': '1.0.0'}"
@Lagnajee	355.12	0.3324	csfr	default	PwRatio (mean-bound tuned) + LZMA	0.1.0a1	{'id': 'combinators.stack', 'codecs': ({'id': 'pw_ratio', 'eb_ratio': 1.019, 'eb_abs_marker': '$eb_abs', 'log_codec': {'id': 'fixedscaleoffset', 'scale': 18.41530001266561, 'offset': 0, 'dtype': '<f8', 'astype': '<i2'}, 'sign_codec': {'id': 'zstd.rs', 'level': 19, '_version': '0.1.0'}}, {'id': 'lzma', 'format': 3, 'check': -1, 'preset': None, 'filters': [{'id': 3, 'dist': 2}, {'id': 33, 'preset': 2147483657, 'lc': 1, 'lp': 1, 'pb': 1}]})}
@Lagnajee	95.23	0.5994	cvh	default	FixedScaleOffset grid (mean-bound tuned) + LZMA	0.1.0a1	{'id': 'combinators.framed', 'codecs': ({'id': 'fixedscaleoffset', 'scale': 75.32548768393929, 'offset': 0, 'dtype': '<f8', 'astype': '|i1'}, {'id': 'lzma', 'format': 3, 'check': -1, 'preset': None, 'filters': [{'id': 3, 'dist': 1}, {'id': 33, 'preset': 2147483657, 'lc': 1, 'lp': 1, 'pb': 1}]})}
@Lagnajee	89.89	0.5911	cvl	default	FixedScaleOffset grid (mean-bound tuned) + LZMA	0.1.0a1	{'id': 'combinators.framed', 'codecs': ({'id': 'fixedscaleoffset', 'scale': 41.01221071644067, 'offset': 0, 'dtype': '<f8', 'astype': '|i1'}, {'id': 'lzma', 'format': 3, 'check': -1, 'preset': None, 'filters': [{'id': 3, 'dist': 1}, {'id': 33, 'preset': 2147483657, 'lc': 1, 'lp': 1, 'pb': 1}]})}
@Lagnajee	38.98	0.4329	dctb	default	FixedScaleOffset grid (mean-bound tuned) + LZMA	0.1.0a1	{'id': 'combinators.framed', 'codecs': ({'id': 'fixedscaleoffset', 'scale': 0.1646472333430289, 'offset': 0, 'dtype': '<f8', 'astype': '<i2'}, {'id': 'lzma', 'format': 3, 'check': -1, 'preset': None, 'filters': [{'id': 3, 'dist': 2}, {'id': 33, 'preset': 2147483657, 'lc': 1, 'lp': 1, 'pb': 1}]})}
@Lagnajee	21.15	0.3362	deg0l	default	FixedScaleOffset grid (mean-bound tuned) + LZMA	0.1.0a1	{'id': 'combinators.framed', 'codecs': ({'id': 'fixedscaleoffset', 'scale': 0.25002500250025, 'offset': 0, 'dtype': '<f8', 'astype': '<i2'}, {'id': 'lzma', 'format': 3, 'check': -1, 'preset': None, 'filters': [{'id': 3, 'dist': 2}, {'id': 33, 'preset': 2147483657, 'lc': 1, 'lp': 1, 'pb': 1}]})}
@Lagnajee	8.10	0.1961	dl	default	FixedScaleOffset grid (mean-bound tuned) + LZMA	0.1.0a1	{'id': 'combinators.framed', 'codecs': ({'id': 'fixedscaleoffset', 'scale': 3.571785750003572, 'offset': 0, 'dtype': '<f8', 'astype': '<i2'}, {'id': 'lzma', 'format': 3, 'check': -1, 'preset': None, 'filters': [{'id': 3, 'dist': 2}, {'id': 33, 'preset': 2147483657, 'lc': 1, 'lp': 1, 'pb': 1}]})}
@Lagnajee	51.42	0.5613	dndza	default	FixedScaleOffset grid (mean-bound tuned) + LZMA	0.1.0a1	{'id': 'combinators.framed', 'codecs': ({'id': 'fixedscaleoffset', 'scale': 22.12453054735005, 'offset': 0, 'dtype': '<f8', 'astype': '|i1'}, {'id': 'lzma', 'format': 3, 'check': -1, 'preset': None, 'filters': [{'id': 3, 'dist': 1}, {'id': 33, 'preset': 2147483657, 'lc': 1, 'lp': 1, 'pb': 1}]})}
@Lagnajee	50.21	0.5242	dndzn	default	FixedScaleOffset grid (mean-bound tuned) + LZMA	0.1.0a1	{'id': 'combinators.framed', 'codecs': ({'id': 'fixedscaleoffset', 'scale': 21.9320946306672, 'offset': 0, 'dtype': '<f8', 'astype': '|i1'}, {'id': 'lzma', 'format': 3, 'check': -1, 'preset': None, 'filters': [{'id': 3, 'dist': 1}, {'id': 33, 'preset': 2147483657, 'lc': 1, 'lp': 1, 'pb': 1}]})}
@Lagnajee	15.13	0.2732	dwi	default	FixedScaleOffset grid (mean-bound tuned) + LZMA	0.1.0a1	{'id': 'mask.meta', 'mask': nan, 'codec': {'id': 'combinators.stack', 'codecs': ({'id': 'replace.filter', 'replacements': {'nan': 'finite_mean'}}, {'id': 'fixedscaleoffset', 'scale': 2.5002500250025, 'offset': 0, 'dtype': '<f8', 'astype': '<i2'}, {'id': 'lzma', 'format': 3, 'check': -1, 'preset': None, 'filters': [{'id': 3, 'dist': 2}, {'id': 33, 'preset': 2147483657, 'lc': 1, 'lp': 1, 'pb': 1}]})}, 'bitmap_codec': {'id': 'combinators.stack', 'codecs': ({'id': 'packbits'}, {'id': 'lzma', 'format': 1, 'check': -1, 'preset': 2147483657, 'filters': None})}}
@Lagnajee	43.69	0.5473	dwps	default	FixedScaleOffset grid (mean-bound tuned) + LZMA	0.1.0a1	{'id': 'mask.meta', 'mask': nan, 'codec': {'id': 'combinators.stack', 'codecs': ({'id': 'replace.filter', 'replacements': {'nan': 'finite_mean'}}, {'id': 'fixedscaleoffset', 'scale': 35.71785750003572, 'offset': 0, 'dtype': '<f8', 'astype': '|i1'}, {'id': 'lzma', 'format': 3, 'check': -1, 'preset': None, 'filters': [{'id': 3, 'dist': 1}, {'id': 33, 'preset': 2147483657, 'lc': 1, 'lp': 1, 'pb': 1}]})}, 'bitmap_codec': {'id': 'combinators.stack', 'codecs': ({'id': 'packbits'}, {'id': 'lzma', 'format': 1, 'check': -1, 'preset': 2147483657, 'filters': None})}}
@Lagnajee	30.91	0.4537	dwww	default	FixedScaleOffset grid (mean-bound tuned) + LZMA	0.1.0a1	{'id': 'mask.meta', 'mask': nan, 'codec': {'id': 'combinators.stack', 'codecs': ({'id': 'replace.filter', 'replacements': {'nan': 'finite_mean'}}, {'id': 'fixedscaleoffset', 'scale': 35.71785750003572, 'offset': 0, 'dtype': '<f8', 'astype': '|i1'}, {'id': 'lzma', 'format': 3, 'check': -1, 'preset': None, 'filters': [{'id': 3, 'dist': 1}, {'id': 33, 'preset': 2147483657, 'lc': 1, 'lp': 1, 'pb': 1}]})}, 'bitmap_codec': {'id': 'combinators.stack', 'codecs': ({'id': 'packbits'}, {'id': 'lzma', 'format': 1, 'check': -1, 'preset': 2147483657, 'filters': None})}}
@Lagnajee	23.31	0.4917	e	default	FixedScaleOffset grid (mean-bound tuned) + LZMA	0.1.0a1	{'id': 'combinators.framed', 'codecs': ({'id': 'fixedscaleoffset', 'scale': 248805.80217051206, 'offset': 0, 'dtype': '<f8', 'astype': '<i2'}, {'id': 'lzma', 'format': 3, 'check': -1, 'preset': None, 'filters': [{'id': 3, 'dist': 2}, {'id': 33, 'preset': 2147483657, 'lc': 1, 'lp': 1, 'pb': 1}]})}
@Lagnajee	717.26	1.2677	es	default	FixedScaleOffset grid (mean-bound tuned) + LZMA	0.1.0a1	{'id': 'combinators.framed', 'codecs': ({'id': 'fixedscaleoffset', 'scale': 975949.9568852868, 'offset': 0, 'dtype': '<f8', 'astype': '|i1'}, {'id': 'lzma', 'format': 3, 'check': -1, 'preset': None, 'filters': [{'id': 3, 'dist': 1}, {'id': 33, 'preset': 2147483657, 'lc': 1, 'lp': 1, 'pb': 1}]})}
@Lagnajee	112.81	0.8410	ewss	default	FixedScaleOffset grid (mean-bound tuned) + LZMA	0.1.0a1	{'id': 'combinators.framed', 'codecs': ({'id': 'fixedscaleoffset', 'scale': 0.0025002500250025004, 'offset': 0, 'dtype': '<f8', 'astype': '|i1'}, {'id': 'lzma', 'format': 3, 'check': -1, 'preset': None, 'filters': [{'id': 3, 'dist': 1}, {'id': 33, 'preset': 2147483657, 'lc': 1, 'lp': 1, 'pb': 1}]})}
@Lagnajee	181.93	0.9477	fal	default	FixedScaleOffset grid (mean-bound tuned) + LZMA	0.1.0a1	{'id': 'combinators.framed', 'codecs': ({'id': 'fixedscaleoffset', 'scale': 17.85892875001786, 'offset': 0, 'dtype': '<f8', 'astype': '|i1'}, {'id': 'lzma', 'format': 3, 'check': -1, 'preset': None, 'filters': [{'id': 3, 'dist': 1}, {'id': 33, 'preset': 2147483657, 'lc': 1, 'lp': 1, 'pb': 1}]})}
@Lagnajee	60.34	0.8314	fdir	default	FixedScaleOffset grid (mean-bound tuned) + LZMA	0.1.0a1	{'id': 'combinators.framed', 'codecs': ({'id': 'fixedscaleoffset', 'scale': 3.4725694791701396e-05, 'offset': 0, 'dtype': '<f8', 'astype': '|i1'}, {'id': 'lzma', 'format': 3, 'check': -1, 'preset': None, 'filters': [{'id': 3, 'dist': 1}, {'id': 33, 'preset': 2147483657, 'lc': 1, 'lp': 1, 'pb': 1}]})}
@Lagnajee	50.48	0.5404	flsr	default	FixedScaleOffset grid (mean-bound tuned) + LZMA	0.1.0a1	{'id': 'combinators.framed', 'codecs': ({'id': 'fixedscaleoffset', 'scale': 4.1044767854067885, 'offset': 0, 'dtype': '<f8', 'astype': '|i1'}, {'id': 'lzma', 'format': 3, 'check': -1, 'preset': None, 'filters': [{'id': 3, 'dist': 1}, {'id': 33, 'preset': 2147483657, 'lc': 1, 'lp': 1, 'pb': 1}]})}
@Lagnajee	60.11	0.4893	fsr	default	FixedScaleOffset grid (mean-bound tuned) + LZMA	0.1.0a1	{'id': 'combinators.framed', 'codecs': ({'id': 'fixedscaleoffset', 'scale': 61.670431009914154, 'offset': 0, 'dtype': '<f8', 'astype': '<i2'}, {'id': 'lzma', 'format': 3, 'check': -1, 'preset': None, 'filters': [{'id': 3, 'dist': 2}, {'id': 33, 'preset': 2147483657, 'lc': 1, 'lp': 1, 'pb': 1}]})}
@Lagnajee	230.40	0.3742	gwd	default	Recommended Safeguards + LZMA	0.1.0a1	{'id': 'safeguards', 'codec': {'id': 'zero'}, 'safeguards': [{'kind': 'any', 'safeguards': [{'kind': 'all', 'safeguards': [{'kind': 'everywhere', 'safeguard': {'kind': 'eb', 'type': 'abs', 'eb': 1000.0, 'equal_nan': False}}]}]}], 'fixed_constants': {}, 'lossless': {'for_codec': None, 'for_corrections': {'id': 'combinators.best', 'codecs': ({'id': 'combinators.stack', 'codecs': ({'id': 'tokenize'}, {'id': 'bitmap-index', 'max_bitmaps': 1, 'cost_factor': 1}, {'id': 'shuffle.typed-byte'}, {'id': 'combinators.framed', 'codecs': ({'id': 'zstd', 'level': 3, 'checksum': False},)})}, {'id': 'combinators.stack', 'codecs': ({'id': 'delta.binary'}, {'id': 'tokenize'}, {'id': 'bitmap-index', 'max_bitmaps': 1, 'cost_factor': 1}, {'id': 'shuffle.typed-byte'}, {'id': 'combinators.framed', 'codecs': ({'id': 'zstd', 'level': 3, 'checksum': False},)})})}}, 'compute': {'unstable_iterative': False, 'unstable_lossless_corrections': False}, '_version': '1.0.0'}
@Lagnajee	31.75	0.4387	hcc	default	FixedScaleOffset grid (mean-bound tuned) + LZMA	0.1.0a1	{'id': 'combinators.framed', 'codecs': ({'id': 'fixedscaleoffset', 'scale': 75.12890267239148, 'offset': 0, 'dtype': '<f8', 'astype': '|i1'}, {'id': 'lzma', 'format': 3, 'check': -1, 'preset': None, 'filters': [{'id': 3, 'dist': 1}, {'id': 33, 'preset': 2147483657, 'lc': 1, 'lp': 1, 'pb': 1}]})}
@Lagnajee	30.83	0.3835	hmax	default	FixedScaleOffset grid (mean-bound tuned) + LZMA	0.1.0a1	{'id': 'mask.meta', 'mask': nan, 'codec': {'id': 'combinators.stack', 'codecs': ({'id': 'replace.filter', 'replacements': {'nan': 'finite_mean'}}, {'id': 'fixedscaleoffset', 'scale': 25.002500250025, 'offset': 0, 'dtype': '<f8', 'astype': '<i2'}, {'id': 'lzma', 'format': 3, 'check': -1, 'preset': None, 'filters': [{'id': 3, 'dist': 2}, {'id': 33, 'preset': 2147483657, 'lc': 1, 'lp': 1, 'pb': 1}]})}, 'bitmap_codec': {'id': 'combinators.stack', 'codecs': ({'id': 'packbits'}, {'id': 'lzma', 'format': 1, 'check': -1, 'preset': 2147483657, 'filters': None})}}
@Lagnajee	11.45	0.3031	i10fg	default	FixedScaleOffset grid (mean-bound tuned) + LZMA	0.1.0a1	{'id': 'combinators.framed', 'codecs': ({'id': 'fixedscaleoffset', 'scale': 35.71785750003572, 'offset': 0, 'dtype': '<f8', 'astype': '<i2'}, {'id': 'lzma', 'format': 3, 'check': -1, 'preset': None, 'filters': [{'id': 3, 'dist': 2}, {'id': 33, 'preset': 2147483657, 'lc': 1, 'lp': 1, 'pb': 1}]})}
@Lagnajee	23.61	0.4860	ie	default	FixedScaleOffset grid (mean-bound tuned) + LZMA	0.1.0a1	{'id': 'combinators.framed', 'codecs': ({'id': 'fixedscaleoffset', 'scale': 886513.9677477969, 'offset': 0, 'dtype': '<f8', 'astype': '<i2'}, {'id': 'lzma', 'format': 3, 'check': -1, 'preset': None, 'filters': [{'id': 3, 'dist': 2}, {'id': 33, 'preset': 2147483657, 'lc': 1, 'lp': 1, 'pb': 1}]})}
@Lagnajee	21.00	0.4370	iews	default	FixedScaleOffset grid (mean-bound tuned) + LZMA	0.1.0a1	{'id': 'combinators.framed', 'codecs': ({'id': 'fixedscaleoffset', 'scale': 251.69450042786795, 'offset': 0, 'dtype': '<f8', 'astype': '<i2'}, {'id': 'lzma', 'format': 3, 'check': -1, 'preset': None, 'filters': [{'id': 3, 'dist': 2}, {'id': 33, 'preset': 2147483657, 'lc': 1, 'lp': 1, 'pb': 1}]})}
@Lagnajee	27.07	0.4308	ilspf	default	FixedScaleOffset grid (mean-bound tuned) + LZMA	0.1.0a1	{'id': 'combinators.framed', 'codecs': ({'id': 'fixedscaleoffset', 'scale': 69.36228516153045, 'offset': 0, 'dtype': '<f8', 'astype': '|i1'}, {'id': 'lzma', 'format': 3, 'check': -1, 'preset': None, 'filters': [{'id': 3, 'dist': 1}, {'id': 33, 'preset': 2147483657, 'lc': 1, 'lp': 1, 'pb': 1}]})}
@Lagnajee	21.11	0.3486	inss	default	FixedScaleOffset grid (mean-bound tuned) + LZMA	0.1.0a1	{'id': 'combinators.framed', 'codecs': ({'id': 'fixedscaleoffset', 'scale': 277.1045893713633, 'offset': 0, 'dtype': '<f8', 'astype': '<i2'}, {'id': 'lzma', 'format': 3, 'check': -1, 'preset': None, 'filters': [{'id': 3, 'dist': 2}, {'id': 33, 'preset': 2147483657, 'lc': 1, 'lp': 1, 'pb': 1}]})}
@Lagnajee	12.48	0.2577	ishf	default	FixedScaleOffset grid (mean-bound tuned) + LZMA	0.1.0a1	{'id': 'combinators.framed', 'codecs': ({'id': 'fixedscaleoffset', 'scale': 3.571785750003572, 'offset': 0, 'dtype': '<f8', 'astype': '<i2'}, {'id': 'lzma', 'format': 3, 'check': -1, 'preset': None, 'filters': [{'id': 3, 'dist': 2}, {'id': 33, 'preset': 2147483657, 'lc': 1, 'lp': 1, 'pb': 1}]})}
@Lagnajee	57.75	0.1586	isor	default	Recommended Safeguards + LZMA	0.1.0a1	"{'id': 'safeguards', 'codec': {'id': 'zero'}, 'safeguards': [{'kind': 'all', 'safeguards': [{'kind': 'qoi_eb_pw', 'qoi': 'x >= c[""minimum""]', 'type': 'abs', 'eb': 0, 'qoi_dtype': 'lossless', 'early_bound': {'minimum': 0.0}}]}, {'kind': 'any', 'safeguards': [{'kind': 'all', 'safeguards': [{'kind': 'everywhere', 'safeguard': {'kind': 'eb', 'type': 'abs', 'eb': 0.05, 'equal_nan': False}}]}, {'kind': 'all', 'safeguards': [{'kind': 'everywhere', 'safeguard': {'kind': 'eb', 'type': 'rel', 'eb': 0.01, 'equal_nan': False}}]}]}], 'fixed_constants': {}, 'lossless': {'for_codec': None, 'for_corrections': {'id': 'combinators.best', 'codecs': ({'id': 'combinators.stack', 'codecs': ({'id': 'tokenize'}, {'id': 'bitmap-index', 'max_bitmaps': 1, 'cost_factor': 1}, {'id': 'shuffle.typed-byte'}, {'id': 'combinators.framed', 'codecs': ({'id': 'zstd', 'level': 3, 'checksum': False},)})}, {'id': 'combinators.stack', 'codecs': ({'id': 'delta.binary'}, {'id': 'tokenize'}, {'id': 'bitmap-index', 'max_bitmaps': 1, 'cost_factor': 1}, {'id': 'shuffle.typed-byte'}, {'id': 'combinators.framed', 'codecs': ({'id': 'zstd', 'level': 3, 'checksum': False},)})})}}, 'compute': {'unstable_iterative': False, 'unstable_lossless_corrections': False}, '_version': '1.0.0'}"
@Lagnajee	1807.21	0.1106	istl1	default	Recommended Safeguards + LZMA	0.1.0a1	{'id': 'safeguards', 'codec': {'id': 'zero'}, 'safeguards': [{'kind': 'any', 'safeguards': [{'kind': 'all', 'safeguards': [{'kind': 'everywhere', 'safeguard': {'kind': 'eb', 'type': 'abs', 'eb': 0.002, 'equal_nan': False}}]}, {'kind': 'all', 'safeguards': [{'kind': 'everywhere', 'safeguard': {'kind': 'eb', 'type': 'rel', 'eb': 0.01, 'equal_nan': False}}]}]}], 'fixed_constants': {}, 'lossless': {'for_codec': None, 'for_corrections': {'id': 'combinators.best', 'codecs': ({'id': 'combinators.stack', 'codecs': ({'id': 'tokenize'}, {'id': 'bitmap-index', 'max_bitmaps': 1, 'cost_factor': 1}, {'id': 'shuffle.typed-byte'}, {'id': 'combinators.framed', 'codecs': ({'id': 'zstd', 'level': 3, 'checksum': False},)})}, {'id': 'combinators.stack', 'codecs': ({'id': 'delta.binary'}, {'id': 'tokenize'}, {'id': 'bitmap-index', 'max_bitmaps': 1, 'cost_factor': 1}, {'id': 'shuffle.typed-byte'}, {'id': 'combinators.framed', 'codecs': ({'id': 'zstd', 'level': 3, 'checksum': False},)})})}}, 'compute': {'unstable_iterative': False, 'unstable_lossless_corrections': False}, '_version': '1.0.0'}
@Lagnajee	2021.89	0.1500	istl2	default	Recommended Safeguards + LZMA	0.1.0a1	{'id': 'safeguards', 'codec': {'id': 'zero'}, 'safeguards': [{'kind': 'any', 'safeguards': [{'kind': 'all', 'safeguards': [{'kind': 'everywhere', 'safeguard': {'kind': 'eb', 'type': 'abs', 'eb': 0.002, 'equal_nan': False}}]}, {'kind': 'all', 'safeguards': [{'kind': 'everywhere', 'safeguard': {'kind': 'eb', 'type': 'rel', 'eb': 0.01, 'equal_nan': False}}]}]}], 'fixed_constants': {}, 'lossless': {'for_codec': None, 'for_corrections': {'id': 'combinators.best', 'codecs': ({'id': 'combinators.stack', 'codecs': ({'id': 'tokenize'}, {'id': 'bitmap-index', 'max_bitmaps': 1, 'cost_factor': 1}, {'id': 'shuffle.typed-byte'}, {'id': 'combinators.framed', 'codecs': ({'id': 'zstd', 'level': 3, 'checksum': False},)})}, {'id': 'combinators.stack', 'codecs': ({'id': 'delta.binary'}, {'id': 'tokenize'}, {'id': 'bitmap-index', 'max_bitmaps': 1, 'cost_factor': 1}, {'id': 'shuffle.typed-byte'}, {'id': 'combinators.framed', 'codecs': ({'id': 'zstd', 'level': 3, 'checksum': False},)})})}}, 'compute': {'unstable_iterative': False, 'unstable_lossless_corrections': False}, '_version': '1.0.0'}
@Lagnajee	2909.25	0.1310	istl3	default	Recommended Safeguards + LZMA	0.1.0a1	{'id': 'safeguards', 'codec': {'id': 'zero'}, 'safeguards': [{'kind': 'any', 'safeguards': [{'kind': 'all', 'safeguards': [{'kind': 'everywhere', 'safeguard': {'kind': 'eb', 'type': 'abs', 'eb': 0.002, 'equal_nan': False}}]}, {'kind': 'all', 'safeguards': [{'kind': 'everywhere', 'safeguard': {'kind': 'eb', 'type': 'rel', 'eb': 0.01, 'equal_nan': False}}]}]}], 'fixed_constants': {}, 'lossless': {'for_codec': None, 'for_corrections': {'id': 'combinators.best', 'codecs': ({'id': 'combinators.stack', 'codecs': ({'id': 'tokenize'}, {'id': 'bitmap-index', 'max_bitmaps': 1, 'cost_factor': 1}, {'id': 'shuffle.typed-byte'}, {'id': 'combinators.framed', 'codecs': ({'id': 'zstd', 'level': 3, 'checksum': False},)})}, {'id': 'combinators.stack', 'codecs': ({'id': 'delta.binary'}, {'id': 'tokenize'}, {'id': 'bitmap-index', 'max_bitmaps': 1, 'cost_factor': 1}, {'id': 'shuffle.typed-byte'}, {'id': 'combinators.framed', 'codecs': ({'id': 'zstd', 'level': 3, 'checksum': False},)})})}}, 'compute': {'unstable_iterative': False, 'unstable_lossless_corrections': False}, '_version': '1.0.0'}
@Lagnajee	484.68	0.5334	istl4	default	FixedScaleOffset grid (mean-bound tuned) + LZMA	0.1.0a1	{'id': 'combinators.framed', 'codecs': ({'id': 'fixedscaleoffset', 'scale': 15.626562656265627, 'offset': 0, 'dtype': '<f8', 'astype': '<i2'}, {'id': 'lzma', 'format': 3, 'check': -1, 'preset': None, 'filters': [{'id': 3, 'dist': 2}, {'id': 33, 'preset': 2147483657, 'lc': 1, 'lp': 1, 'pb': 1}]})}
@Lagnajee	18.97	0.2984	kx	default	FixedScaleOffset grid (mean-bound tuned) + LZMA	0.1.0a1	{'id': 'combinators.framed', 'codecs': ({'id': 'fixedscaleoffset', 'scale': 3.571785750003572, 'offset': 0, 'dtype': '<f8', 'astype': '<i2'}, {'id': 'lzma', 'format': 3, 'check': -1, 'preset': None, 'filters': [{'id': 3, 'dist': 2}, {'id': 33, 'preset': 2147483657, 'lc': 1, 'lp': 1, 'pb': 1}]})}
@Lagnajee	80.12	0.5082	lai_hv	default	FixedScaleOffset grid (mean-bound tuned) + LZMA	0.1.0a1	{'id': 'combinators.framed', 'codecs': ({'id': 'fixedscaleoffset', 'scale': 8.976331951917011, 'offset': 0, 'dtype': '<f8', 'astype': '|i1'}, {'id': 'lzma', 'format': 3, 'check': -1, 'preset': None, 'filters': [{'id': 3, 'dist': 1}, {'id': 33, 'preset': 2147483657, 'lc': 1, 'lp': 1, 'pb': 1}]})}
@Lagnajee	64.56	0.6734	lai_lv	default	FixedScaleOffset grid (mean-bound tuned) + LZMA	0.1.0a1	{'id': 'combinators.framed', 'codecs': ({'id': 'fixedscaleoffset', 'scale': 19.51477831634632, 'offset': 0, 'dtype': '<f8', 'astype': '|i1'}, {'id': 'lzma', 'format': 3, 'check': -1, 'preset': None, 'filters': [{'id': 3, 'dist': 1}, {'id': 33, 'preset': 2147483657, 'lc': 1, 'lp': 1, 'pb': 1}]})}
@Lagnajee	337.28	0.7963	lblt	default	FixedScaleOffset grid (mean-bound tuned) + LZMA	0.1.0a1	{'id': 'combinators.framed', 'codecs': ({'id': 'fixedscaleoffset', 'scale': 0.08727404732402026, 'offset': 0, 'dtype': '<f8', 'astype': '|i1'}, {'id': 'lzma', 'format': 3, 'check': -1, 'preset': None, 'filters': [{'id': 3, 'dist': 1}, {'id': 33, 'preset': 2147483657, 'lc': 1, 'lp': 1, 'pb': 1}]})}
@Lagnajee	23.57	0.3917	lcc	default	FixedScaleOffset grid (mean-bound tuned) + LZMA	0.1.0a1	{'id': 'combinators.framed', 'codecs': ({'id': 'fixedscaleoffset', 'scale': 58.06502913767553, 'offset': 0, 'dtype': '<f8', 'astype': '|i1'}, {'id': 'lzma', 'format': 3, 'check': -1, 'preset': None, 'filters': [{'id': 3, 'dist': 1}, {'id': 33, 'preset': 2147483657, 'lc': 1, 'lp': 1, 'pb': 1}]})}
@Lagnajee	177.57	0.3313	lgws	default	Recommended Safeguards + LZMA	0.1.0a1	{'id': 'safeguards', 'codec': {'id': 'zero'}, 'safeguards': [{'kind': 'any', 'safeguards': [{'kind': 'all', 'safeguards': [{'kind': 'everywhere', 'safeguard': {'kind': 'eb', 'type': 'abs', 'eb': 100.0, 'equal_nan': False}}]}]}], 'fixed_constants': {}, 'lossless': {'for_codec': None, 'for_corrections': {'id': 'combinators.best', 'codecs': ({'id': 'combinators.stack', 'codecs': ({'id': 'tokenize'}, {'id': 'bitmap-index', 'max_bitmaps': 1, 'cost_factor': 1}, {'id': 'shuffle.typed-byte'}, {'id': 'combinators.framed', 'codecs': ({'id': 'zstd', 'level': 3, 'checksum': False},)})}, {'id': 'combinators.stack', 'codecs': ({'id': 'delta.binary'}, {'id': 'tokenize'}, {'id': 'bitmap-index', 'max_bitmaps': 1, 'cost_factor': 1}, {'id': 'shuffle.typed-byte'}, {'id': 'combinators.framed', 'codecs': ({'id': 'zstd', 'level': 3, 'checksum': False},)})})}}, 'compute': {'unstable_iterative': False, 'unstable_lossless_corrections': False}, '_version': '1.0.0'}
@Lagnajee	530.97	0.8111	licd	default	FixedScaleOffset grid (mean-bound tuned) + LZMA	0.1.0a1	{'id': 'combinators.framed', 'codecs': ({'id': 'fixedscaleoffset', 'scale': 26.448336311137655, 'offset': 0, 'dtype': '<f8', 'astype': '|i1'}, {'id': 'lzma', 'format': 3, 'check': -1, 'preset': None, 'filters': [{'id': 3, 'dist': 1}, {'id': 33, 'preset': 2147483657, 'lc': 1, 'lp': 1, 'pb': 1}]})}
@Lagnajee	1666.85	0.3047	lict	default	PwRatio (mean-bound tuned) + LZMA	0.1.0a1	{'id': 'combinators.stack', 'codecs': ({'id': 'pw_ratio', 'eb_ratio': 1.019, 'eb_abs_marker': '$eb_abs', 'log_codec': {'id': 'fixedscaleoffset', 'scale': 18.41530001266561, 'offset': 0, 'dtype': '<f8', 'astype': '<i2'}, 'sign_codec': {'id': 'zstd.rs', 'level': 19, '_version': '0.1.0'}}, {'id': 'lzma', 'format': 3, 'check': -1, 'preset': None, 'filters': [{'id': 3, 'dist': 2}, {'id': 33, 'preset': 2147483657, 'lc': 1, 'lp': 1, 'pb': 1}]})}
@Lagnajee	63.05	0.7667	lmld	default	FixedScaleOffset grid (mean-bound tuned) + LZMA	0.1.0a1	{'id': 'combinators.framed', 'codecs': ({'id': 'fixedscaleoffset', 'scale': 0.892946437500893, 'offset': 0, 'dtype': '<f8', 'astype': '|i1'}, {'id': 'lzma', 'format': 3, 'check': -1, 'preset': None, 'filters': [{'id': 3, 'dist': 1}, {'id': 33, 'preset': 2147483657, 'lc': 1, 'lp': 1, 'pb': 1}]})}
@Lagnajee	483.94	0.7414	lmlt	default	FixedScaleOffset grid (mean-bound tuned) + LZMA	0.1.0a1	{'id': 'combinators.framed', 'codecs': ({'id': 'fixedscaleoffset', 'scale': 0.08710992475857511, 'offset': 0, 'dtype': '<f8', 'astype': '|i1'}, {'id': 'lzma', 'format': 3, 'check': -1, 'preset': None, 'filters': [{'id': 3, 'dist': 1}, {'id': 33, 'preset': 2147483657, 'lc': 1, 'lp': 1, 'pb': 1}]})}
@Lagnajee	2172.62	0.8669	lsf	default	FixedScaleOffset grid (mean-bound tuned) + LZMA	0.1.0a1	{'id': 'combinators.framed', 'codecs': ({'id': 'fixedscaleoffset', 'scale': 3125.312531253125, 'offset': 0, 'dtype': '<f8', 'astype': '|i1'}, {'id': 'lzma', 'format': 3, 'check': -1, 'preset': None, 'filters': [{'id': 3, 'dist': 1}, {'id': 33, 'preset': 2147483657, 'lc': 1, 'lp': 1, 'pb': 1}]})}
@Lagnajee	138.53	1.0139	lshf	default	FixedScaleOffset grid (mean-bound tuned) + LZMA	0.1.0a1	{'id': 'combinators.framed', 'codecs': ({'id': 'fixedscaleoffset', 'scale': 53.999623694674575, 'offset': 0, 'dtype': '<f8', 'astype': '|i1'}, {'id': 'lzma', 'format': 3, 'check': -1, 'preset': None, 'filters': [{'id': 3, 'dist': 1}, {'id': 33, 'preset': 2147483657, 'lc': 1, 'lp': 1, 'pb': 1}]})}
@Lagnajee	12.11	0.2921	lsm	default	Lossless + LZMA	0.1.0a1	{'id': 'combinators.framed', 'codecs': ({'id': 'lzma', 'format': 1, 'check': -1, 'preset': 2147483657, 'filters': None},)}
@Lagnajee	158.31	0.9414	lsp	default	FixedScaleOffset grid (mean-bound tuned) + LZMA	0.1.0a1	{'id': 'combinators.framed', 'codecs': ({'id': 'fixedscaleoffset', 'scale': 8929.464375008929, 'offset': 0, 'dtype': '<f8', 'astype': '<i2'}, {'id': 'lzma', 'format': 3, 'check': -1, 'preset': None, 'filters': [{'id': 3, 'dist': 2}, {'id': 33, 'preset': 2147483657, 'lc': 1, 'lp': 1, 'pb': 1}]})}
@Lagnajee	16.40	0.3077	lspf	default	PwRatio + LZMA	0.1.0a1	{'id': 'combinators.stack', 'codecs': ({'id': 'pw_ratio', 'eb_ratio': 1.01, 'eb_abs_marker': '$eb_abs', 'log_codec': {'id': 'fixedscaleoffset', 'scale': 34.83384183097051, 'offset': 0, 'dtype': '<f8', 'astype': '<i2'}, 'sign_codec': {'id': 'zstd.rs', 'level': 19, '_version': '0.1.0'}}, {'id': 'lzma', 'format': 3, 'check': -1, 'preset': None, 'filters': [{'id': 3, 'dist': 2}, {'id': 33, 'preset': 2147483657, 'lc': 1, 'lp': 1, 'pb': 1}]})}
@Lagnajee	35.62	0.5211	lsrr	default	FixedScaleOffset grid (mean-bound tuned) + LZMA	0.1.0a1	{'id': 'combinators.framed', 'codecs': ({'id': 'fixedscaleoffset', 'scale': 977920.8743997255, 'offset': 0, 'dtype': '<f8', 'astype': '<i2'}, {'id': 'lzma', 'format': 3, 'check': -1, 'preset': None, 'filters': [{'id': 3, 'dist': 2}, {'id': 33, 'preset': 2147483657, 'lc': 1, 'lp': 1, 'pb': 1}]})}
@Lagnajee	134.86	0.9049	lssfr	default	FixedScaleOffset grid (mean-bound tuned) + LZMA	0.1.0a1	{'id': 'combinators.framed', 'codecs': ({'id': 'fixedscaleoffset', 'scale': 1876029.2510427162, 'offset': 0, 'dtype': '<f8', 'astype': '<i2'}, {'id': 'lzma', 'format': 3, 'check': -1, 'preset': None, 'filters': [{'id': 3, 'dist': 2}, {'id': 33, 'preset': 2147483657, 'lc': 1, 'lp': 1, 'pb': 1}]})}
@Lagnajee	432.19	1.2172	ltlt	default	FixedScaleOffset grid (mean-bound tuned) + LZMA	0.1.0a1	{'id': 'combinators.framed', 'codecs': ({'id': 'fixedscaleoffset', 'scale': 0.0871969076505487, 'offset': 0, 'dtype': '<f8', 'astype': '|i1'}, {'id': 'lzma', 'format': 3, 'check': -1, 'preset': None, 'filters': [{'id': 3, 'dist': 1}, {'id': 33, 'preset': 2147483657, 'lc': 1, 'lp': 1, 'pb': 1}]})}
@Lagnajee	27.75	0.4251	mcc	default	FixedScaleOffset grid (mean-bound tuned) + LZMA	0.1.0a1	{'id': 'combinators.framed', 'codecs': ({'id': 'fixedscaleoffset', 'scale': 63.18778107196041, 'offset': 0, 'dtype': '<f8', 'astype': '|i1'}, {'id': 'lzma', 'format': 3, 'check': -1, 'preset': None, 'filters': [{'id': 3, 'dist': 1}, {'id': 33, 'preset': 2147483657, 'lc': 1, 'lp': 1, 'pb': 1}]})}
@Lagnajee	17.90	0.3786	mdts	default	FixedScaleOffset grid (mean-bound tuned) + LZMA	0.1.0a1	{'id': 'mask.meta', 'mask': nan, 'codec': {'id': 'combinators.stack', 'codecs': ({'id': 'replace.filter', 'replacements': {'nan': 'finite_mean'}}, {'id': 'fixedscaleoffset', 'scale': 3.571785750003572, 'offset': 0, 'dtype': '<f8', 'astype': '<i2'}, {'id': 'lzma', 'format': 3, 'check': -1, 'preset': None, 'filters': [{'id': 3, 'dist': 2}, {'id': 33, 'preset': 2147483657, 'lc': 1, 'lp': 1, 'pb': 1}]})}, 'bitmap_codec': {'id': 'combinators.stack', 'codecs': ({'id': 'packbits'}, {'id': 'lzma', 'format': 1, 'check': -1, 'preset': 2147483657, 'filters': None})}}
@Lagnajee	17.22	0.3562	mdww	default	FixedScaleOffset grid (mean-bound tuned) + LZMA	0.1.0a1	{'id': 'mask.meta', 'mask': nan, 'codec': {'id': 'combinators.stack', 'codecs': ({'id': 'replace.filter', 'replacements': {'nan': 'finite_mean'}}, {'id': 'fixedscaleoffset', 'scale': 2.5002500250025, 'offset': 0, 'dtype': '<f8', 'astype': '<i2'}, {'id': 'lzma', 'format': 3, 'check': -1, 'preset': None, 'filters': [{'id': 3, 'dist': 2}, {'id': 33, 'preset': 2147483657, 'lc': 1, 'lp': 1, 'pb': 1}]})}, 'bitmap_codec': {'id': 'combinators.stack', 'codecs': ({'id': 'packbits'}, {'id': 'lzma', 'format': 1, 'check': -1, 'preset': 2147483657, 'filters': None})}}
@Lagnajee	184.27	0.3326	mgws	default	Recommended Safeguards + LZMA	0.1.0a1	{'id': 'safeguards', 'codec': {'id': 'zero'}, 'safeguards': [{'kind': 'any', 'safeguards': [{'kind': 'all', 'safeguards': [{'kind': 'everywhere', 'safeguard': {'kind': 'eb', 'type': 'abs', 'eb': 100.0, 'equal_nan': False}}]}]}], 'fixed_constants': {}, 'lossless': {'for_codec': None, 'for_corrections': {'id': 'combinators.best', 'codecs': ({'id': 'combinators.stack', 'codecs': ({'id': 'tokenize'}, {'id': 'bitmap-index', 'max_bitmaps': 1, 'cost_factor': 1}, {'id': 'shuffle.typed-byte'}, {'id': 'combinators.framed', 'codecs': ({'id': 'zstd', 'level': 3, 'checksum': False},)})}, {'id': 'combinators.stack', 'codecs': ({'id': 'delta.binary'}, {'id': 'tokenize'}, {'id': 'bitmap-index', 'max_bitmaps': 1, 'cost_factor': 1}, {'id': 'shuffle.typed-byte'}, {'id': 'combinators.framed', 'codecs': ({'id': 'zstd', 'level': 3, 'checksum': False},)})})}}, 'compute': {'unstable_iterative': False, 'unstable_lossless_corrections': False}, '_version': '1.0.0'}
@Lagnajee	21.57	0.4673	mn2t	default	FixedScaleOffset grid + LZMA	0.1.0a1	{'id': 'combinators.framed', 'codecs': ({'id': 'fixedscaleoffset', 'scale': 10.00100010001, 'offset': 0, 'dtype': '<f8', 'astype': '<i2'}, {'id': 'lzma', 'format': 3, 'check': -1, 'preset': None, 'filters': [{'id': 3, 'dist': 2}, {'id': 33, 'preset': 2147483657, 'lc': 1, 'lp': 1, 'pb': 1}]})}
@Lagnajee	28.93	0.4624	mntpr	default	FixedScaleOffset grid (mean-bound tuned) + LZMA	0.1.0a1	{'id': 'combinators.framed', 'codecs': ({'id': 'fixedscaleoffset', 'scale': 936079.1317831551, 'offset': 0, 'dtype': '<f8', 'astype': '<i2'}, {'id': 'lzma', 'format': 3, 'check': -1, 'preset': None, 'filters': [{'id': 3, 'dist': 2}, {'id': 33, 'preset': 2147483657, 'lc': 1, 'lp': 1, 'pb': 1}]})}
@Lagnajee	28.03	0.3805	mp1	default	FixedScaleOffset grid (mean-bound tuned) + LZMA	0.1.0a1	{'id': 'mask.meta', 'mask': nan, 'codec': {'id': 'combinators.stack', 'codecs': ({'id': 'replace.filter', 'replacements': {'nan': 'finite_mean'}}, {'id': 'fixedscaleoffset', 'scale': 25.002500250025, 'offset': 0, 'dtype': '<f8', 'astype': '<i2'}, {'id': 'lzma', 'format': 3, 'check': -1, 'preset': None, 'filters': [{'id': 3, 'dist': 2}, {'id': 33, 'preset': 2147483657, 'lc': 1, 'lp': 1, 'pb': 1}]})}, 'bitmap_codec': {'id': 'combinators.stack', 'codecs': ({'id': 'packbits'}, {'id': 'lzma', 'format': 1, 'check': -1, 'preset': 2147483657, 'filters': None})}}
@Lagnajee	24.07	0.3972	mp2	default	FixedScaleOffset grid (mean-bound tuned) + LZMA	0.1.0a1	{'id': 'mask.meta', 'mask': nan, 'codec': {'id': 'combinators.stack', 'codecs': ({'id': 'replace.filter', 'replacements': {'nan': 'finite_mean'}}, {'id': 'fixedscaleoffset', 'scale': 35.71785750003572, 'offset': 0, 'dtype': '<f8', 'astype': '<i2'}, {'id': 'lzma', 'format': 3, 'check': -1, 'preset': None, 'filters': [{'id': 3, 'dist': 2}, {'id': 33, 'preset': 2147483657, 'lc': 1, 'lp': 1, 'pb': 1}]})}, 'bitmap_codec': {'id': 'combinators.stack', 'codecs': ({'id': 'packbits'}, {'id': 'lzma', 'format': 1, 'check': -1, 'preset': 2147483657, 'filters': None})}}
@Lagnajee	24.03	0.4653	mpts	default	FixedScaleOffset grid (mean-bound tuned) + LZMA	0.1.0a1	{'id': 'mask.meta', 'mask': nan, 'codec': {'id': 'combinators.stack', 'codecs': ({'id': 'replace.filter', 'replacements': {'nan': 'finite_mean'}}, {'id': 'fixedscaleoffset', 'scale': 35.71785750003572, 'offset': 0, 'dtype': '<f8', 'astype': '<i2'}, {'id': 'lzma', 'format': 3, 'check': -1, 'preset': None, 'filters': [{'id': 3, 'dist': 2}, {'id': 33, 'preset': 2147483657, 'lc': 1, 'lp': 1, 'pb': 1}]})}, 'bitmap_codec': {'id': 'combinators.stack', 'codecs': ({'id': 'packbits'}, {'id': 'lzma', 'format': 1, 'check': -1, 'preset': 2147483657, 'filters': None})}}
@Lagnajee	19.74	0.3741	mpww	default	FixedScaleOffset grid (mean-bound tuned) + LZMA	0.1.0a1	{'id': 'mask.meta', 'mask': nan, 'codec': {'id': 'combinators.stack', 'codecs': ({'id': 'replace.filter', 'replacements': {'nan': 'finite_mean'}}, {'id': 'fixedscaleoffset', 'scale': 35.71785750003572, 'offset': 0, 'dtype': '<f8', 'astype': '<i2'}, {'id': 'lzma', 'format': 3, 'check': -1, 'preset': None, 'filters': [{'id': 3, 'dist': 2}, {'id': 33, 'preset': 2147483657, 'lc': 1, 'lp': 1, 'pb': 1}]})}, 'bitmap_codec': {'id': 'combinators.stack', 'codecs': ({'id': 'packbits'}, {'id': 'lzma', 'format': 1, 'check': -1, 'preset': 2147483657, 'filters': None})}}
@Lagnajee	17.02	0.3385	msl	default	FixedScaleOffset grid (mean-bound tuned) + LZMA	0.1.0a1	{'id': 'combinators.framed', 'codecs': ({'id': 'fixedscaleoffset', 'scale': 0.5000500050005, 'offset': 0, 'dtype': '<f8', 'astype': '<i4'}, {'id': 'lzma', 'format': 3, 'check': -1, 'preset': None, 'filters': [{'id': 3, 'dist': 4}, {'id': 33, 'preset': 2147483657, 'lc': 1, 'lp': 1, 'pb': 1}]})}
@Lagnajee	34.00	0.5545	msqs	default	FixedScaleOffset grid (mean-bound tuned) + LZMA	0.1.0a1	{'id': 'mask.meta', 'mask': nan, 'codec': {'id': 'combinators.stack', 'codecs': ({'id': 'replace.filter', 'replacements': {'nan': 'finite_mean'}}, {'id': 'fixedscaleoffset', 'scale': 3078.107125802205, 'offset': 0, 'dtype': '<f8', 'astype': '<i2'}, {'id': 'lzma', 'format': 3, 'check': -1, 'preset': None, 'filters': [{'id': 3, 'dist': 2}, {'id': 33, 'preset': 2147483657, 'lc': 1, 'lp': 1, 'pb': 1}]})}, 'bitmap_codec': {'id': 'combinators.stack', 'codecs': ({'id': 'packbits'}, {'id': 'lzma', 'format': 1, 'check': -1, 'preset': 2147483657, 'filters': None})}}
@Lagnajee	19.79	0.4083	mwd	default	FixedScaleOffset grid (mean-bound tuned) + LZMA	0.1.0a1	{'id': 'mask.meta', 'mask': nan, 'codec': {'id': 'combinators.stack', 'codecs': ({'id': 'replace.filter', 'replacements': {'nan': 'finite_mean'}}, {'id': 'fixedscaleoffset', 'scale': 3.571785750003572, 'offset': 0, 'dtype': '<f8', 'astype': '<i2'}, {'id': 'lzma', 'format': 3, 'check': -1, 'preset': None, 'filters': [{'id': 3, 'dist': 2}, {'id': 33, 'preset': 2147483657, 'lc': 1, 'lp': 1, 'pb': 1}]})}, 'bitmap_codec': {'id': 'combinators.stack', 'codecs': ({'id': 'packbits'}, {'id': 'lzma', 'format': 1, 'check': -1, 'preset': 2147483657, 'filters': None})}}
@Lagnajee	43.15	0.5776	mwd1	default	FixedScaleOffset grid (mean-bound tuned) + LZMA	0.1.0a1	{'id': 'mask.meta', 'mask': nan, 'codec': {'id': 'combinators.stack', 'codecs': ({'id': 'replace.filter', 'replacements': {'nan': 'finite_mean'}}, {'id': 'fixedscaleoffset', 'scale': 0.1920982944351247, 'offset': 0, 'dtype': '<f8', 'astype': '|i1'}, {'id': 'lzma', 'format': 3, 'check': -1, 'preset': None, 'filters': [{'id': 3, 'dist': 1}, {'id': 33, 'preset': 2147483657, 'lc': 1, 'lp': 1, 'pb': 1}]})}, 'bitmap_codec': {'id': 'combinators.stack', 'codecs': ({'id': 'packbits'}, {'id': 'lzma', 'format': 1, 'check': -1, 'preset': 2147483657, 'filters': None})}}
@Lagnajee	35.03	0.5232	mwd2	default	FixedScaleOffset grid (mean-bound tuned) + LZMA	0.1.0a1	{'id': 'mask.meta', 'mask': nan, 'codec': {'id': 'combinators.stack', 'codecs': ({'id': 'replace.filter', 'replacements': {'nan': 'finite_mean'}}, {'id': 'fixedscaleoffset', 'scale': 0.21168844950356555, 'offset': 0, 'dtype': '<f8', 'astype': '|i1'}, {'id': 'lzma', 'format': 3, 'check': -1, 'preset': None, 'filters': [{'id': 3, 'dist': 1}, {'id': 33, 'preset': 2147483657, 'lc': 1, 'lp': 1, 'pb': 1}]})}, 'bitmap_codec': {'id': 'combinators.stack', 'codecs': ({'id': 'packbits'}, {'id': 'lzma', 'format': 1, 'check': -1, 'preset': 2147483657, 'filters': None})}}
@Lagnajee	35.01	0.5337	mwd3	default	FixedScaleOffset grid (mean-bound tuned) + LZMA	0.1.0a1	{'id': 'mask.meta', 'mask': nan, 'codec': {'id': 'combinators.stack', 'codecs': ({'id': 'replace.filter', 'replacements': {'nan': 'finite_mean'}}, {'id': 'fixedscaleoffset', 'scale': 0.13705733969450581, 'offset': 0, 'dtype': '<f8', 'astype': '|i1'}, {'id': 'lzma', 'format': 3, 'check': -1, 'preset': None, 'filters': [{'id': 3, 'dist': 1}, {'id': 33, 'preset': 2147483657, 'lc': 1, 'lp': 1, 'pb': 1}]})}, 'bitmap_codec': {'id': 'combinators.stack', 'codecs': ({'id': 'packbits'}, {'id': 'lzma', 'format': 1, 'check': -1, 'preset': 2147483657, 'filters': None})}}
@Lagnajee	29.01	0.5041	mwp	default	FixedScaleOffset grid (mean-bound tuned) + LZMA	0.1.0a1	{'id': 'mask.meta', 'mask': nan, 'codec': {'id': 'combinators.stack', 'codecs': ({'id': 'replace.filter', 'replacements': {'nan': 'finite_mean'}}, {'id': 'fixedscaleoffset', 'scale': 25.002500250025, 'offset': 0, 'dtype': '<f8', 'astype': '<i2'}, {'id': 'lzma', 'format': 3, 'check': -1, 'preset': None, 'filters': [{'id': 3, 'dist': 2}, {'id': 33, 'preset': 2147483657, 'lc': 1, 'lp': 1, 'pb': 1}]})}, 'bitmap_codec': {'id': 'combinators.stack', 'codecs': ({'id': 'packbits'}, {'id': 'lzma', 'format': 1, 'check': -1, 'preset': 2147483657, 'filters': None})}}
@Lagnajee	43.77	0.5969	mwp1	default	FixedScaleOffset grid (mean-bound tuned) + LZMA	0.1.0a1	{'id': 'mask.meta', 'mask': nan, 'codec': {'id': 'combinators.stack', 'codecs': ({'id': 'replace.filter', 'replacements': {'nan': 'finite_mean'}}, {'id': 'fixedscaleoffset', 'scale': 3.125312531253125, 'offset': 0, 'dtype': '<f8', 'astype': '|i1'}, {'id': 'lzma', 'format': 3, 'check': -1, 'preset': None, 'filters': [{'id': 3, 'dist': 1}, {'id': 33, 'preset': 2147483657, 'lc': 1, 'lp': 1, 'pb': 1}]})}, 'bitmap_codec': {'id': 'combinators.stack', 'codecs': ({'id': 'packbits'}, {'id': 'lzma', 'format': 1, 'check': -1, 'preset': 2147483657, 'filters': None})}}
@Lagnajee	37.78	0.4639	mwp2	default	FixedScaleOffset grid (mean-bound tuned) + LZMA	0.1.0a1	{'id': 'mask.meta', 'mask': nan, 'codec': {'id': 'combinators.stack', 'codecs': ({'id': 'replace.filter', 'replacements': {'nan': 'finite_mean'}}, {'id': 'fixedscaleoffset', 'scale': 3.125312531253125, 'offset': 0, 'dtype': '<f8', 'astype': '|i1'}, {'id': 'lzma', 'format': 3, 'check': -1, 'preset': None, 'filters': [{'id': 3, 'dist': 1}, {'id': 33, 'preset': 2147483657, 'lc': 1, 'lp': 1, 'pb': 1}]})}, 'bitmap_codec': {'id': 'combinators.stack', 'codecs': ({'id': 'packbits'}, {'id': 'lzma', 'format': 1, 'check': -1, 'preset': 2147483657, 'filters': None})}}
@Lagnajee	18.01	0.3643	mwp3	default	FixedScaleOffset grid (mean-bound tuned) + LZMA	0.1.0a1	{'id': 'mask.meta', 'mask': nan, 'codec': {'id': 'combinators.stack', 'codecs': ({'id': 'replace.filter', 'replacements': {'nan': 'finite_mean'}}, {'id': 'fixedscaleoffset', 'scale': 25.002500250025, 'offset': 0, 'dtype': '<f8', 'astype': '<i2'}, {'id': 'lzma', 'format': 3, 'check': -1, 'preset': None, 'filters': [{'id': 3, 'dist': 2}, {'id': 33, 'preset': 2147483657, 'lc': 1, 'lp': 1, 'pb': 1}]})}, 'bitmap_codec': {'id': 'combinators.stack', 'codecs': ({'id': 'packbits'}, {'id': 'lzma', 'format': 1, 'check': -1, 'preset': 2147483657, 'filters': None})}}
@Lagnajee	21.69	0.4570	mx2t	default	FixedScaleOffset grid + LZMA	0.1.0a1	{'id': 'combinators.framed', 'codecs': ({'id': 'fixedscaleoffset', 'scale': 10.00100010001, 'offset': 0, 'dtype': '<f8', 'astype': '<i2'}, {'id': 'lzma', 'format': 3, 'check': -1, 'preset': None, 'filters': [{'id': 3, 'dist': 2}, {'id': 33, 'preset': 2147483657, 'lc': 1, 'lp': 1, 'pb': 1}]})}
@Lagnajee	23.48	0.4378	mxtpr	default	FixedScaleOffset grid (mean-bound tuned) + LZMA	0.1.0a1	{'id': 'combinators.framed', 'codecs': ({'id': 'fixedscaleoffset', 'scale': 382259.6825914641, 'offset': 0, 'dtype': '<f8', 'astype': '<i2'}, {'id': 'lzma', 'format': 3, 'check': -1, 'preset': None, 'filters': [{'id': 3, 'dist': 2}, {'id': 33, 'preset': 2147483657, 'lc': 1, 'lp': 1, 'pb': 1}]})}
@Lagnajee	120.25	0.9498	nsss	default	FixedScaleOffset grid (mean-bound tuned) + LZMA	0.1.0a1	{'id': 'combinators.framed', 'codecs': ({'id': 'fixedscaleoffset', 'scale': 0.0025002500250025004, 'offset': 0, 'dtype': '<f8', 'astype': '|i1'}, {'id': 'lzma', 'format': 3, 'check': -1, 'preset': None, 'filters': [{'id': 3, 'dist': 1}, {'id': 33, 'preset': 2147483657, 'lc': 1, 'lp': 1, 'pb': 1}]})}
@Lagnajee	26.41	0.4811	p1ps	default	FixedScaleOffset grid (mean-bound tuned) + LZMA	0.1.0a1	{'id': 'mask.meta', 'mask': nan, 'codec': {'id': 'combinators.stack', 'codecs': ({'id': 'replace.filter', 'replacements': {'nan': 'finite_mean'}}, {'id': 'fixedscaleoffset', 'scale': 25.002500250025, 'offset': 0, 'dtype': '<f8', 'astype': '<i2'}, {'id': 'lzma', 'format': 3, 'check': -1, 'preset': None, 'filters': [{'id': 3, 'dist': 2}, {'id': 33, 'preset': 2147483657, 'lc': 1, 'lp': 1, 'pb': 1}]})}, 'bitmap_codec': {'id': 'combinators.stack', 'codecs': ({'id': 'packbits'}, {'id': 'lzma', 'format': 1, 'check': -1, 'preset': 2147483657, 'filters': None})}}
@Lagnajee	23.22	0.3788	p1ww	default	FixedScaleOffset grid (mean-bound tuned) + LZMA	0.1.0a1	{'id': 'mask.meta', 'mask': nan, 'codec': {'id': 'combinators.stack', 'codecs': ({'id': 'replace.filter', 'replacements': {'nan': 'finite_mean'}}, {'id': 'fixedscaleoffset', 'scale': 25.002500250025, 'offset': 0, 'dtype': '<f8', 'astype': '<i2'}, {'id': 'lzma', 'format': 3, 'check': -1, 'preset': None, 'filters': [{'id': 3, 'dist': 2}, {'id': 33, 'preset': 2147483657, 'lc': 1, 'lp': 1, 'pb': 1}]})}, 'bitmap_codec': {'id': 'combinators.stack', 'codecs': ({'id': 'packbits'}, {'id': 'lzma', 'format': 1, 'check': -1, 'preset': 2147483657, 'filters': None})}}
@Lagnajee	22.49	0.3810	p2ps	default	FixedScaleOffset grid (mean-bound tuned) + LZMA	0.1.0a1	{'id': 'mask.meta', 'mask': nan, 'codec': {'id': 'combinators.stack', 'codecs': ({'id': 'replace.filter', 'replacements': {'nan': 'finite_mean'}}, {'id': 'fixedscaleoffset', 'scale': 35.71785750003572, 'offset': 0, 'dtype': '<f8', 'astype': '<i2'}, {'id': 'lzma', 'format': 3, 'check': -1, 'preset': None, 'filters': [{'id': 3, 'dist': 2}, {'id': 33, 'preset': 2147483657, 'lc': 1, 'lp': 1, 'pb': 1}]})}, 'bitmap_codec': {'id': 'combinators.stack', 'codecs': ({'id': 'packbits'}, {'id': 'lzma', 'format': 1, 'check': -1, 'preset': 2147483657, 'filters': None})}}
@Lagnajee	23.65	0.4355	p2ww	default	FixedScaleOffset grid (mean-bound tuned) + LZMA	0.1.0a1	{'id': 'mask.meta', 'mask': nan, 'codec': {'id': 'combinators.stack', 'codecs': ({'id': 'replace.filter', 'replacements': {'nan': 'finite_mean'}}, {'id': 'fixedscaleoffset', 'scale': 25.002500250025, 'offset': 0, 'dtype': '<f8', 'astype': '<i2'}, {'id': 'lzma', 'format': 3, 'check': -1, 'preset': None, 'filters': [{'id': 3, 'dist': 2}, {'id': 33, 'preset': 2147483657, 'lc': 1, 'lp': 1, 'pb': 1}]})}, 'bitmap_codec': {'id': 'combinators.stack', 'codecs': ({'id': 'packbits'}, {'id': 'lzma', 'format': 1, 'check': -1, 'preset': 2147483657, 'filters': None})}}
@Lagnajee	71.29	0.8133	pev	default	FixedScaleOffset grid (mean-bound tuned) + LZMA	0.1.0a1	{'id': 'combinators.framed', 'codecs': ({'id': 'fixedscaleoffset', 'scale': 127708.35589197506, 'offset': 0, 'dtype': '<f8', 'astype': '<i2'}, {'id': 'lzma', 'format': 3, 'check': -1, 'preset': None, 'filters': [{'id': 3, 'dist': 2}, {'id': 33, 'preset': 2147483657, 'lc': 1, 'lp': 1, 'pb': 1}]})}
@Lagnajee	25.21	0.4054	phiaw	default	FixedScaleOffset grid (mean-bound tuned) + LZMA	0.1.0a1	{'id': 'mask.meta', 'mask': nan, 'codec': {'id': 'combinators.stack', 'codecs': ({'id': 'replace.filter', 'replacements': {'nan': 'finite_mean'}}, {'id': 'fixedscaleoffset', 'scale': 8.505745825601018, 'offset': 0, 'dtype': '<f8', 'astype': '<i2'}, {'id': 'lzma', 'format': 3, 'check': -1, 'preset': None, 'filters': [{'id': 3, 'dist': 2}, {'id': 33, 'preset': 2147483657, 'lc': 1, 'lp': 1, 'pb': 1}]})}, 'bitmap_codec': {'id': 'combinators.stack', 'codecs': ({'id': 'packbits'}, {'id': 'lzma', 'format': 1, 'check': -1, 'preset': 2147483657, 'filters': None})}}
@Lagnajee	24.76	0.3930	phioc	default	FixedScaleOffset grid (mean-bound tuned) + LZMA	0.1.0a1	{'id': 'mask.meta', 'mask': nan, 'codec': {'id': 'combinators.stack', 'codecs': ({'id': 'replace.filter', 'replacements': {'nan': 'finite_mean'}}, {'id': 'fixedscaleoffset', 'scale': 8.334166750008334, 'offset': 0, 'dtype': '<f8', 'astype': '<i2'}, {'id': 'lzma', 'format': 3, 'check': -1, 'preset': None, 'filters': [{'id': 3, 'dist': 2}, {'id': 33, 'preset': 2147483657, 'lc': 1, 'lp': 1, 'pb': 1}]})}, 'bitmap_codec': {'id': 'combinators.stack', 'codecs': ({'id': 'packbits'}, {'id': 'lzma', 'format': 1, 'check': -1, 'preset': 2147483657, 'filters': None})}}
@Lagnajee	28.94	0.4810	pp1d	default	FixedScaleOffset grid (mean-bound tuned) + LZMA	0.1.0a1	{'id': 'mask.meta', 'mask': nan, 'codec': {'id': 'combinators.stack', 'codecs': ({'id': 'replace.filter', 'replacements': {'nan': 'finite_mean'}}, {'id': 'fixedscaleoffset', 'scale': 25.002500250025, 'offset': 0, 'dtype': '<f8', 'astype': '<i2'}, {'id': 'lzma', 'format': 3, 'check': -1, 'preset': None, 'filters': [{'id': 3, 'dist': 2}, {'id': 33, 'preset': 2147483657, 'lc': 1, 'lp': 1, 'pb': 1}]})}, 'bitmap_codec': {'id': 'combinators.stack', 'codecs': ({'id': 'packbits'}, {'id': 'lzma', 'format': 1, 'check': -1, 'preset': 2147483657, 'filters': None})}}
@Lagnajee	178.44	1.3927	ptype	default	FixedScaleOffset grid + Lossless + LZMA	0.1.0a1	{'id': 'combinators.framed', 'codecs': ({'id': 'fixedscaleoffset', 'scale': 1, 'offset': 0, 'dtype': '<f8', 'astype': '|i1'}, {'id': 'lzma', 'format': 1, 'check': -1, 'preset': 2147483657, 'filters': None})}
@Lagnajee	178.38	0.4355	rhoao	default	PwRatio (mean-bound tuned) + LZMA	0.1.0a1	{'id': 'mask.meta', 'mask': nan, 'codec': {'id': 'combinators.stack', 'codecs': ({'id': 'replace.filter', 'replacements': {'nan': 'finite_mean'}}, {'id': 'pw_ratio', 'eb_ratio': 1.019, 'eb_abs_marker': '$eb_abs', 'log_codec': {'id': 'fixedscaleoffset', 'scale': 18.41530001266561, 'offset': 0, 'dtype': '<f8', 'astype': '<i2'}, 'sign_codec': {'id': 'zstd.rs', 'level': 19, '_version': '0.1.0'}}, {'id': 'lzma', 'format': 3, 'check': -1, 'preset': None, 'filters': [{'id': 3, 'dist': 2}, {'id': 33, 'preset': 2147483657, 'lc': 1, 'lp': 1, 'pb': 1}]})}, 'bitmap_codec': {'id': 'combinators.stack', 'codecs': ({'id': 'packbits'}, {'id': 'lzma', 'format': 1, 'check': -1, 'preset': 2147483657, 'filters': None})}}
@Lagnajee	1171.50	1.0429	ro	default	FixedScaleOffset grid (mean-bound tuned) + LZMA	0.1.0a1	{'id': 'combinators.framed', 'codecs': ({'id': 'fixedscaleoffset', 'scale': 3125.312531253125, 'offset': 0, 'dtype': '<f8', 'astype': '|i1'}, {'id': 'lzma', 'format': 3, 'check': -1, 'preset': None, 'filters': [{'id': 3, 'dist': 1}, {'id': 33, 'preset': 2147483657, 'lc': 1, 'lp': 1, 'pb': 1}]})}
@Lagnajee	702.05	1.2420	rsn	default	FixedScaleOffset grid (mean-bound tuned) + LZMA	0.1.0a1	{'id': 'combinators.framed', 'codecs': ({'id': 'fixedscaleoffset', 'scale': 0.20243720800709822, 'offset': 0, 'dtype': '<f8', 'astype': '|i1'}, {'id': 'lzma', 'format': 3, 'check': -1, 'preset': None, 'filters': [{'id': 3, 'dist': 1}, {'id': 33, 'preset': 2147483657, 'lc': 1, 'lp': 1, 'pb': 1}]})}
@Lagnajee	1325.13	1.1414	sd	default	FixedScaleOffset grid (mean-bound tuned) + LZMA	0.1.0a1	{'id': 'combinators.framed', 'codecs': ({'id': 'fixedscaleoffset', 'scale': 2.714206815930867, 'offset': 0, 'dtype': '<f8', 'astype': '|i1'}, {'id': 'lzma', 'format': 3, 'check': -1, 'preset': None, 'filters': [{'id': 3, 'dist': 1}, {'id': 33, 'preset': 2147483657, 'lc': 1, 'lp': 1, 'pb': 1}]})}
@Lagnajee	45.06	0.4827	sdfor	default	PwRatio + LZMA	0.1.0a1	{'id': 'combinators.stack', 'codecs': ({'id': 'pw_ratio', 'eb_ratio': 1.05, 'eb_abs_marker': '$eb_abs', 'log_codec': {'id': 'fixedscaleoffset', 'scale': 7.104059947439975, 'offset': 0, 'dtype': '<f8', 'astype': '<i2'}, 'sign_codec': {'id': 'zstd.rs', 'level': 19, '_version': '0.1.0'}}, {'id': 'lzma', 'format': 3, 'check': -1, 'preset': None, 'filters': [{'id': 3, 'dist': 2}, {'id': 33, 'preset': 2147483657, 'lc': 1, 'lp': 1, 'pb': 1}]})}
@Lagnajee	78.29	0.7809	sdor	default	FixedScaleOffset grid (mean-bound tuned) + LZMA	0.1.0a1	{'id': 'combinators.framed', 'codecs': ({'id': 'fixedscaleoffset', 'scale': 0.0892946437500893, 'offset': 0, 'dtype': '<f8', 'astype': '|i1'}, {'id': 'lzma', 'format': 3, 'check': -1, 'preset': None, 'filters': [{'id': 3, 'dist': 1}, {'id': 33, 'preset': 2147483657, 'lc': 1, 'lp': 1, 'pb': 1}]})}
@Lagnajee	1611.55	1.0417	sf	default	FixedScaleOffset grid (mean-bound tuned) + LZMA	0.1.0a1	{'id': 'combinators.framed', 'codecs': ({'id': 'fixedscaleoffset', 'scale': 3125.312531253125, 'offset': 0, 'dtype': '<f8', 'astype': '|i1'}, {'id': 'lzma', 'format': 3, 'check': -1, 'preset': None, 'filters': [{'id': 3, 'dist': 1}, {'id': 33, 'preset': 2147483657, 'lc': 1, 'lp': 1, 'pb': 1}]})}
@Lagnajee	32.01	0.5258	shts	default	FixedScaleOffset grid (mean-bound tuned) + LZMA	0.1.0a1	{'id': 'mask.meta', 'mask': nan, 'codec': {'id': 'combinators.stack', 'codecs': ({'id': 'replace.filter', 'replacements': {'nan': 'finite_mean'}}, {'id': 'fixedscaleoffset', 'scale': 35.71785750003572, 'offset': 0, 'dtype': '<f8', 'astype': '<i2'}, {'id': 'lzma', 'format': 3, 'check': -1, 'preset': None, 'filters': [{'id': 3, 'dist': 2}, {'id': 33, 'preset': 2147483657, 'lc': 1, 'lp': 1, 'pb': 1}]})}, 'bitmap_codec': {'id': 'combinators.stack', 'codecs': ({'id': 'packbits'}, {'id': 'lzma', 'format': 1, 'check': -1, 'preset': 2147483657, 'filters': None})}}
@Lagnajee	28.90	0.4909	shww	default	FixedScaleOffset grid (mean-bound tuned) + LZMA	0.1.0a1	{'id': 'mask.meta', 'mask': nan, 'codec': {'id': 'combinators.stack', 'codecs': ({'id': 'replace.filter', 'replacements': {'nan': 'finite_mean'}}, {'id': 'fixedscaleoffset', 'scale': 25.002500250025, 'offset': 0, 'dtype': '<f8', 'astype': '<i2'}, {'id': 'lzma', 'format': 3, 'check': -1, 'preset': None, 'filters': [{'id': 3, 'dist': 2}, {'id': 33, 'preset': 2147483657, 'lc': 1, 'lp': 1, 'pb': 1}]})}, 'bitmap_codec': {'id': 'combinators.stack', 'codecs': ({'id': 'packbits'}, {'id': 'lzma', 'format': 1, 'check': -1, 'preset': 2147483657, 'filters': None})}}
@Lagnajee	19.57	0.4370	skt	default	FixedScaleOffset grid + LZMA	0.1.0a1	{'id': 'combinators.framed', 'codecs': ({'id': 'fixedscaleoffset', 'scale': 10.00100010001, 'offset': 0, 'dtype': '<f8', 'astype': '<i2'}, {'id': 'lzma', 'format': 3, 'check': -1, 'preset': None, 'filters': [{'id': 3, 'dist': 2}, {'id': 33, 'preset': 2147483657, 'lc': 1, 'lp': 1, 'pb': 1}]})}
@Lagnajee	16.68	0.3995	slhf	default	FixedScaleOffset grid (mean-bound tuned) + LZMA	0.1.0a1	{'id': 'combinators.framed', 'codecs': ({'id': 'fixedscaleoffset', 'scale': 0.00025002500250025, 'offset': 0, 'dtype': '<f8', 'astype': '<i2'}, {'id': 'lzma', 'format': 3, 'check': -1, 'preset': None, 'filters': [{'id': 3, 'dist': 2}, {'id': 33, 'preset': 2147483657, 'lc': 1, 'lp': 1, 'pb': 1}]})}
@Lagnajee	35.89	0.3649	slor	default	PwRatio (mean-bound tuned) + LZMA	0.1.0a1	{'id': 'combinators.stack', 'codecs': ({'id': 'pw_ratio', 'eb_ratio': 1.019, 'eb_abs_marker': '$eb_abs', 'log_codec': {'id': 'fixedscaleoffset', 'scale': 18.41530001266561, 'offset': 0, 'dtype': '<f8', 'astype': '<i2'}, 'sign_codec': {'id': 'zstd.rs', 'level': 19, '_version': '0.1.0'}}, {'id': 'lzma', 'format': 3, 'check': -1, 'preset': None, 'filters': [{'id': 3, 'dist': 2}, {'id': 33, 'preset': 2147483657, 'lc': 1, 'lp': 1, 'pb': 1}]})}
@Lagnajee	248.10	1.3289	slt	default	FixedScaleOffset grid + Lossless + LZMA	0.1.0a1	{'id': 'combinators.framed', 'codecs': ({'id': 'fixedscaleoffset', 'scale': 1, 'offset': 0, 'dtype': '<f8', 'astype': '|i1'}, {'id': 'lzma', 'format': 1, 'check': -1, 'preset': 2147483657, 'filters': None})}
@Lagnajee	5732.17	1.3226	smlt	default	FixedScaleOffset grid (mean-bound tuned) + LZMA	0.1.0a1	{'id': 'combinators.framed', 'codecs': ({'id': 'fixedscaleoffset', 'scale': 3125.312531253125, 'offset': 0, 'dtype': '<f8', 'astype': '|i1'}, {'id': 'lzma', 'format': 3, 'check': -1, 'preset': None, 'filters': [{'id': 3, 'dist': 1}, {'id': 33, 'preset': 2147483657, 'lc': 1, 'lp': 1, 'pb': 1}]})}
@Lagnajee	201.39	0.5759	sp	default	PwRatio (mean-bound tuned) + LZMA	0.1.0a1	{'id': 'combinators.stack', 'codecs': ({'id': 'pw_ratio', 'eb_ratio': 1.019, 'eb_abs_marker': '$eb_abs', 'log_codec': {'id': 'fixedscaleoffset', 'scale': 18.41530001266561, 'offset': 0, 'dtype': '<f8', 'astype': '<i2'}, 'sign_codec': {'id': 'zstd.rs', 'level': 19, '_version': '0.1.0'}}, {'id': 'lzma', 'format': 3, 'check': -1, 'preset': None, 'filters': [{'id': 3, 'dist': 2}, {'id': 33, 'preset': 2147483657, 'lc': 1, 'lp': 1, 'pb': 1}]})}
@Lagnajee	299.24	1.1668	src	default	FixedScaleOffset grid (mean-bound tuned) + LZMA	0.1.0a1	{'id': 'combinators.framed', 'codecs': ({'id': 'fixedscaleoffset', 'scale': 9384.02540520676, 'offset': 0, 'dtype': '<f8', 'astype': '|i1'}, {'id': 'lzma', 'format': 3, 'check': -1, 'preset': None, 'filters': [{'id': 3, 'dist': 1}, {'id': 33, 'preset': 2147483657, 'lc': 1, 'lp': 1, 'pb': 1}]})}
@Lagnajee	210.88	0.9780	sro	default	FixedScaleOffset grid (mean-bound tuned) + LZMA	0.1.0a1	{'id': 'combinators.framed', 'codecs': ({'id': 'fixedscaleoffset', 'scale': 610193.9410588244, 'offset': 0, 'dtype': '<f8', 'astype': '<i2'}, {'id': 'lzma', 'format': 3, 'check': -1, 'preset': None, 'filters': [{'id': 3, 'dist': 2}, {'id': 33, 'preset': 2147483657, 'lc': 1, 'lp': 1, 'pb': 1}]})}
@Lagnajee	18.94	0.4452	sshf	default	FixedScaleOffset grid (mean-bound tuned) + LZMA	0.1.0a1	{'id': 'combinators.framed', 'codecs': ({'id': 'fixedscaleoffset', 'scale': 0.00025002500250025, 'offset': 0, 'dtype': '<f8', 'astype': '<i2'}, {'id': 'lzma', 'format': 3, 'check': -1, 'preset': None, 'filters': [{'id': 3, 'dist': 2}, {'id': 33, 'preset': 2147483657, 'lc': 1, 'lp': 1, 'pb': 1}]})}
@Lagnajee	49.29	0.6698	ssr	default	FixedScaleOffset grid (mean-bound tuned) + LZMA	0.1.0a1	{'id': 'combinators.framed', 'codecs': ({'id': 'fixedscaleoffset', 'scale': 4.9608135416716276e-05, 'offset': 0, 'dtype': '<f8', 'astype': '<i2'}, {'id': 'lzma', 'format': 3, 'check': -1, 'preset': None, 'filters': [{'id': 3, 'dist': 2}, {'id': 33, 'preset': 2147483657, 'lc': 1, 'lp': 1, 'pb': 1}]})}
@Lagnajee	102.72	0.9082	ssrc	default	FixedScaleOffset grid (mean-bound tuned) + LZMA	0.1.0a1	{'id': 'combinators.framed', 'codecs': ({'id': 'fixedscaleoffset', 'scale': 4.9608135416716276e-05, 'offset': 0, 'dtype': '<f8', 'astype': '<i2'}, {'id': 'lzma', 'format': 3, 'check': -1, 'preset': None, 'filters': [{'id': 3, 'dist': 2}, {'id': 33, 'preset': 2147483657, 'lc': 1, 'lp': 1, 'pb': 1}]})}
@Lagnajee	51.17	0.7241	ssrd	default	FixedScaleOffset grid (mean-bound tuned) + LZMA	0.1.0a1	{'id': 'combinators.framed', 'codecs': ({'id': 'fixedscaleoffset', 'scale': 4.9608135416716276e-05, 'offset': 0, 'dtype': '<f8', 'astype': '<i2'}, {'id': 'lzma', 'format': 3, 'check': -1, 'preset': None, 'filters': [{'id': 3, 'dist': 2}, {'id': 33, 'preset': 2147483657, 'lc': 1, 'lp': 1, 'pb': 1}]})}
@Lagnajee	147.52	0.9853	ssrdc	default	FixedScaleOffset grid (mean-bound tuned) + LZMA	0.1.0a1	{'id': 'combinators.framed', 'codecs': ({'id': 'fixedscaleoffset', 'scale': 4.9608135416716276e-05, 'offset': 0, 'dtype': '<f8', 'astype': '<i2'}, {'id': 'lzma', 'format': 3, 'check': -1, 'preset': None, 'filters': [{'id': 3, 'dist': 2}, {'id': 33, 'preset': 2147483657, 'lc': 1, 'lp': 1, 'pb': 1}]})}
@Lagnajee	77.78	0.7710	ssro	default	FixedScaleOffset grid (mean-bound tuned) + LZMA	0.1.0a1	{'id': 'combinators.framed', 'codecs': ({'id': 'fixedscaleoffset', 'scale': 974817.0723347551, 'offset': 0, 'dtype': '<f8', 'astype': '<i2'}, {'id': 'lzma', 'format': 3, 'check': -1, 'preset': None, 'filters': [{'id': 3, 'dist': 2}, {'id': 33, 'preset': 2147483657, 'lc': 1, 'lp': 1, 'pb': 1}]})}
@Lagnajee	20.03	0.4164	sst	default	FixedScaleOffset grid (mean-bound tuned) + LZMA	0.1.0a1	{'id': 'mask.meta', 'mask': nan, 'codec': {'id': 'combinators.stack', 'codecs': ({'id': 'replace.filter', 'replacements': {'nan': 'finite_mean'}}, {'id': 'fixedscaleoffset', 'scale': 50.00500050005, 'offset': 0, 'dtype': '<f8', 'astype': '<i2'}, {'id': 'lzma', 'format': 3, 'check': -1, 'preset': None, 'filters': [{'id': 3, 'dist': 2}, {'id': 33, 'preset': 2147483657, 'lc': 1, 'lp': 1, 'pb': 1}]})}, 'bitmap_codec': {'id': 'combinators.stack', 'codecs': ({'id': 'packbits'}, {'id': 'lzma', 'format': 1, 'check': -1, 'preset': 2147483657, 'filters': None})}}
@Lagnajee	310.22	1.2266	stl1	default	FixedScaleOffset grid (mean-bound tuned) + LZMA	0.1.0a1	{'id': 'combinators.framed', 'codecs': ({'id': 'fixedscaleoffset', 'scale': 0.08838484018148908, 'offset': 0, 'dtype': '<f8', 'astype': '|i1'}, {'id': 'lzma', 'format': 3, 'check': -1, 'preset': None, 'filters': [{'id': 3, 'dist': 1}, {'id': 33, 'preset': 2147483657, 'lc': 1, 'lp': 1, 'pb': 1}]})}
@Lagnajee	313.26	0.6408	stl2	default	PwRatio (mean-bound tuned) + LZMA	0.1.0a1	{'id': 'combinators.stack', 'codecs': ({'id': 'pw_ratio', 'eb_ratio': 1.019, 'eb_abs_marker': '$eb_abs', 'log_codec': {'id': 'fixedscaleoffset', 'scale': 18.41530001266561, 'offset': 0, 'dtype': '<f8', 'astype': '<i2'}, 'sign_codec': {'id': 'zstd.rs', 'level': 19, '_version': '0.1.0'}}, {'id': 'lzma', 'format': 3, 'check': -1, 'preset': None, 'filters': [{'id': 3, 'dist': 2}, {'id': 33, 'preset': 2147483657, 'lc': 1, 'lp': 1, 'pb': 1}]})}
@Lagnajee	351.41	0.8012	stl3	default	FixedScaleOffset grid (mean-bound tuned) + LZMA	0.1.0a1	{'id': 'combinators.framed', 'codecs': ({'id': 'fixedscaleoffset', 'scale': 0.08860575377548766, 'offset': 0, 'dtype': '<f8', 'astype': '|i1'}, {'id': 'lzma', 'format': 3, 'check': -1, 'preset': None, 'filters': [{'id': 3, 'dist': 1}, {'id': 33, 'preset': 2147483657, 'lc': 1, 'lp': 1, 'pb': 1}]})}
@Lagnajee	341.55	1.2469	stl4	default	FixedScaleOffset grid (mean-bound tuned) + LZMA	0.1.0a1	{'id': 'combinators.framed', 'codecs': ({'id': 'fixedscaleoffset', 'scale': 0.08892002975995651, 'offset': 0, 'dtype': '<f8', 'astype': '|i1'}, {'id': 'lzma', 'format': 3, 'check': -1, 'preset': None, 'filters': [{'id': 3, 'dist': 1}, {'id': 33, 'preset': 2147483657, 'lc': 1, 'lp': 1, 'pb': 1}]})}
@Lagnajee	30.96	0.6396	str	default	FixedScaleOffset grid (mean-bound tuned) + LZMA	0.1.0a1	{'id': 'combinators.framed', 'codecs': ({'id': 'fixedscaleoffset', 'scale': 9.921627083343255e-05, 'offset': 0, 'dtype': '<f8', 'astype': '|i1'}, {'id': 'lzma', 'format': 3, 'check': -1, 'preset': None, 'filters': [{'id': 3, 'dist': 1}, {'id': 33, 'preset': 2147483657, 'lc': 1, 'lp': 1, 'pb': 1}]})}
@Lagnajee	62.76	0.7519	strc	default	FixedScaleOffset grid (mean-bound tuned) + LZMA	0.1.0a1	{'id': 'combinators.framed', 'codecs': ({'id': 'fixedscaleoffset', 'scale': 6.945138958340279e-05, 'offset': 0, 'dtype': '<f8', 'astype': '|i1'}, {'id': 'lzma', 'format': 3, 'check': -1, 'preset': None, 'filters': [{'id': 3, 'dist': 1}, {'id': 33, 'preset': 2147483657, 'lc': 1, 'lp': 1, 'pb': 1}]})}
@Lagnajee	39.71	0.6656	strd	default	FixedScaleOffset grid (mean-bound tuned) + LZMA	0.1.0a1	{'id': 'combinators.framed', 'codecs': ({'id': 'fixedscaleoffset', 'scale': 6.945138958340279e-05, 'offset': 0, 'dtype': '<f8', 'astype': '<i2'}, {'id': 'lzma', 'format': 3, 'check': -1, 'preset': None, 'filters': [{'id': 3, 'dist': 2}, {'id': 33, 'preset': 2147483657, 'lc': 1, 'lp': 1, 'pb': 1}]})}
@Lagnajee	65.52	0.7950	strdc	default	FixedScaleOffset grid (mean-bound tuned) + LZMA	0.1.0a1	{'id': 'combinators.framed', 'codecs': ({'id': 'fixedscaleoffset', 'scale': 6.945138958340279e-05, 'offset': 0, 'dtype': '<f8', 'astype': '<i2'}, {'id': 'lzma', 'format': 3, 'check': -1, 'preset': None, 'filters': [{'id': 3, 'dist': 2}, {'id': 33, 'preset': 2147483657, 'lc': 1, 'lp': 1, 'pb': 1}]})}
@Lagnajee	42.91	0.3651	swh	default	SZ3 (mean-bound tuned) + LZMA	0.1.0a1	{'id': 'combinators.stack', 'codecs': ({'id': 'mask.meta', 'mask': nan, 'codec': {'id': 'combinators.stack', 'codecs': ({'id': 'replace.filter', 'replacements': {'nan': 'finite_mean'}}, {'id': 'sz3.rs', 'predictor': 'interpolation-lorenzo', 'eb_mode': 'abs', 'eb_abs': 0.021810154653305155, '_version': '0.2.0'})}, 'bitmap_codec': {'id': 'combinators.stack', 'codecs': ({'id': 'packbits'}, {'id': 'lzma', 'format': 1, 'check': -1, 'preset': 2147483657, 'filters': None})}}, {'id': 'lzma', 'format': 1, 'check': -1, 'preset': 2147483657, 'filters': None})}
@Lagnajee	27.95	0.4617	swh1	default	FixedScaleOffset grid (mean-bound tuned) + LZMA	0.1.0a1	{'id': 'mask.meta', 'mask': nan, 'codec': {'id': 'combinators.stack', 'codecs': ({'id': 'replace.filter', 'replacements': {'nan': 'finite_mean'}}, {'id': 'fixedscaleoffset', 'scale': 35.71785750003572, 'offset': 0, 'dtype': '<f8', 'astype': '<i2'}, {'id': 'lzma', 'format': 3, 'check': -1, 'preset': None, 'filters': [{'id': 3, 'dist': 2}, {'id': 33, 'preset': 2147483657, 'lc': 1, 'lp': 1, 'pb': 1}]})}, 'bitmap_codec': {'id': 'combinators.stack', 'codecs': ({'id': 'packbits'}, {'id': 'lzma', 'format': 1, 'check': -1, 'preset': 2147483657, 'filters': None})}}
@Lagnajee	36.07	0.5463	swh2	default	FixedScaleOffset grid (mean-bound tuned) + LZMA	0.1.0a1	{'id': 'mask.meta', 'mask': nan, 'codec': {'id': 'combinators.stack', 'codecs': ({'id': 'replace.filter', 'replacements': {'nan': 'finite_mean'}}, {'id': 'fixedscaleoffset', 'scale': 25.63475044806543, 'offset': 0, 'dtype': '<f8', 'astype': '|i1'}, {'id': 'lzma', 'format': 3, 'check': -1, 'preset': None, 'filters': [{'id': 3, 'dist': 1}, {'id': 33, 'preset': 2147483657, 'lc': 1, 'lp': 1, 'pb': 1}]})}, 'bitmap_codec': {'id': 'combinators.stack', 'codecs': ({'id': 'packbits'}, {'id': 'lzma', 'format': 1, 'check': -1, 'preset': 2147483657, 'filters': None})}}
@Lagnajee	44.03	0.5085	swh3	default	FixedScaleOffset grid (mean-bound tuned) + LZMA	0.1.0a1	{'id': 'mask.meta', 'mask': nan, 'codec': {'id': 'combinators.stack', 'codecs': ({'id': 'replace.filter', 'replacements': {'nan': 'finite_mean'}}, {'id': 'fixedscaleoffset', 'scale': 25.002500250025, 'offset': 0, 'dtype': '<f8', 'astype': '|i1'}, {'id': 'lzma', 'format': 3, 'check': -1, 'preset': None, 'filters': [{'id': 3, 'dist': 1}, {'id': 33, 'preset': 2147483657, 'lc': 1, 'lp': 1, 'pb': 1}]})}, 'bitmap_codec': {'id': 'combinators.stack', 'codecs': ({'id': 'packbits'}, {'id': 'lzma', 'format': 1, 'check': -1, 'preset': 2147483657, 'filters': None})}}
@Lagnajee	55.77	0.7318	swvl1	default	FixedScaleOffset grid (mean-bound tuned) + LZMA	0.1.0a1	{'id': 'combinators.framed', 'codecs': ({'id': 'fixedscaleoffset', 'scale': 103.86908034595038, 'offset': 0, 'dtype': '<f8', 'astype': '|i1'}, {'id': 'lzma', 'format': 3, 'check': -1, 'preset': None, 'filters': [{'id': 3, 'dist': 1}, {'id': 33, 'preset': 2147483657, 'lc': 1, 'lp': 1, 'pb': 1}]})}
@Lagnajee	54.55	0.7506	swvl2	default	FixedScaleOffset grid (mean-bound tuned) + LZMA	0.1.0a1	{'id': 'combinators.framed', 'codecs': ({'id': 'fixedscaleoffset', 'scale': 99.83670861212502, 'offset': 0, 'dtype': '<f8', 'astype': '|i1'}, {'id': 'lzma', 'format': 3, 'check': -1, 'preset': None, 'filters': [{'id': 3, 'dist': 1}, {'id': 33, 'preset': 2147483657, 'lc': 1, 'lp': 1, 'pb': 1}]})}
@Lagnajee	53.77	0.7022	swvl3	default	FixedScaleOffset grid (mean-bound tuned) + LZMA	0.1.0a1	{'id': 'combinators.framed', 'codecs': ({'id': 'fixedscaleoffset', 'scale': 97.9763395568177, 'offset': 0, 'dtype': '<f8', 'astype': '|i1'}, {'id': 'lzma', 'format': 3, 'check': -1, 'preset': None, 'filters': [{'id': 3, 'dist': 1}, {'id': 33, 'preset': 2147483657, 'lc': 1, 'lp': 1, 'pb': 1}]})}
@Lagnajee	62.32	0.6797	swvl4	default	FixedScaleOffset grid (mean-bound tuned) + LZMA	0.1.0a1	{'id': 'combinators.framed', 'codecs': ({'id': 'fixedscaleoffset', 'scale': 104.43713411972296, 'offset': 0, 'dtype': '<f8', 'astype': '|i1'}, {'id': 'lzma', 'format': 3, 'check': -1, 'preset': None, 'filters': [{'id': 3, 'dist': 1}, {'id': 33, 'preset': 2147483657, 'lc': 1, 'lp': 1, 'pb': 1}]})}
@Lagnajee	55.78	0.4560	tauoc	default	PwRatio (mean-bound tuned) + LZMA	0.1.0a1	{'id': 'mask.meta', 'mask': nan, 'codec': {'id': 'combinators.stack', 'codecs': ({'id': 'replace.filter', 'replacements': {'nan': 'finite_mean'}}, {'id': 'pw_ratio', 'eb_ratio': 1.019, 'eb_abs_marker': '$eb_abs', 'log_codec': {'id': 'fixedscaleoffset', 'scale': 18.41530001266561, 'offset': 0, 'dtype': '<f8', 'astype': '<i2'}, 'sign_codec': {'id': 'zstd.rs', 'level': 19, '_version': '0.1.0'}}, {'id': 'lzma', 'format': 3, 'check': -1, 'preset': None, 'filters': [{'id': 3, 'dist': 2}, {'id': 33, 'preset': 2147483657, 'lc': 1, 'lp': 1, 'pb': 1}]})}, 'bitmap_codec': {'id': 'combinators.stack', 'codecs': ({'id': 'packbits'}, {'id': 'lzma', 'format': 1, 'check': -1, 'preset': 2147483657, 'filters': None})}}
@Lagnajee	72.33	0.6004	tcc	default	FixedScaleOffset grid (mean-bound tuned) + LZMA	0.1.0a1	{'id': 'combinators.framed', 'codecs': ({'id': 'fixedscaleoffset', 'scale': 5.000500050005, 'offset': 0, 'dtype': '<f8', 'astype': '|i1'}, {'id': 'lzma', 'format': 3, 'check': -1, 'preset': None, 'filters': [{'id': 3, 'dist': 1}, {'id': 33, 'preset': 2147483657, 'lc': 1, 'lp': 1, 'pb': 1}]})}
@Lagnajee	63.30	0.3567	tciw	default	Recommended Safeguards + LZMA	0.1.0a1	"{'id': 'safeguards', 'codec': {'id': 'zero'}, 'safeguards': [{'kind': 'all', 'safeguards': [{'kind': 'qoi_eb_pw', 'qoi': 'x >= c[""minimum""]', 'type': 'abs', 'eb': 0, 'qoi_dtype': 'lossless', 'early_bound': {'minimum': 0.0}}]}, {'kind': 'any', 'safeguards': [{'kind': 'all', 'safeguards': [{'kind': 'everywhere', 'safeguard': {'kind': 'eb', 'type': 'abs', 'eb': 0.01, 'equal_nan': False}}]}]}], 'fixed_constants': {}, 'lossless': {'for_codec': None, 'for_corrections': {'id': 'combinators.best', 'codecs': ({'id': 'combinators.stack', 'codecs': ({'id': 'tokenize'}, {'id': 'bitmap-index', 'max_bitmaps': 1, 'cost_factor': 1}, {'id': 'shuffle.typed-byte'}, {'id': 'combinators.framed', 'codecs': ({'id': 'zstd', 'level': 3, 'checksum': False},)})}, {'id': 'combinators.stack', 'codecs': ({'id': 'delta.binary'}, {'id': 'tokenize'}, {'id': 'bitmap-index', 'max_bitmaps': 1, 'cost_factor': 1}, {'id': 'shuffle.typed-byte'}, {'id': 'combinators.framed', 'codecs': ({'id': 'zstd', 'level': 3, 'checksum': False},)})})}}, 'compute': {'unstable_iterative': False, 'unstable_lossless_corrections': False}, '_version': '1.0.0'}"
@Lagnajee	86.84	0.7141	tclw	default	FixedScaleOffset grid (mean-bound tuned) + LZMA	0.1.0a1	{'id': 'combinators.framed', 'codecs': ({'id': 'fixedscaleoffset', 'scale': 17.85892875001786, 'offset': 0, 'dtype': '<f8', 'astype': '|i1'}, {'id': 'lzma', 'format': 3, 'check': -1, 'preset': None, 'filters': [{'id': 3, 'dist': 1}, {'id': 33, 'preset': 2147483657, 'lc': 1, 'lp': 1, 'pb': 1}]})}
@Lagnajee	250.90	0.8191	tco3	default	FixedScaleOffset grid (mean-bound tuned) + LZMA	0.1.0a1	{'id': 'combinators.framed', 'codecs': ({'id': 'fixedscaleoffset', 'scale': 3841.625723539387, 'offset': 0, 'dtype': '<f8', 'astype': '|i1'}, {'id': 'lzma', 'format': 3, 'check': -1, 'preset': None, 'filters': [{'id': 3, 'dist': 1}, {'id': 33, 'preset': 2147483657, 'lc': 1, 'lp': 1, 'pb': 1}]})}
@Lagnajee	1433.29	0.8375	tcrw	default	FixedScaleOffset grid (mean-bound tuned) + LZMA	0.1.0a1	{'id': 'combinators.framed', 'codecs': ({'id': 'fixedscaleoffset', 'scale': 3.125312531253125, 'offset': 0, 'dtype': '<f8', 'astype': '|i1'}, {'id': 'lzma', 'format': 3, 'check': -1, 'preset': None, 'filters': [{'id': 3, 'dist': 1}, {'id': 33, 'preset': 2147483657, 'lc': 1, 'lp': 1, 'pb': 1}]})}
@Lagnajee	189.44	0.7637	tcslw	default	FixedScaleOffset grid (mean-bound tuned) + LZMA	0.1.0a1	{'id': 'combinators.framed', 'codecs': ({'id': 'fixedscaleoffset', 'scale': 12.5012501250125, 'offset': 0, 'dtype': '<f8', 'astype': '|i1'}, {'id': 'lzma', 'format': 3, 'check': -1, 'preset': None, 'filters': [{'id': 3, 'dist': 1}, {'id': 33, 'preset': 2147483657, 'lc': 1, 'lp': 1, 'pb': 1}]})}
@Lagnajee	282.49	1.0520	tcsw	default	FixedScaleOffset grid (mean-bound tuned) + LZMA	0.1.0a1	{'id': 'combinators.framed', 'codecs': ({'id': 'fixedscaleoffset', 'scale': 6.25062506250625, 'offset': 0, 'dtype': '<f8', 'astype': '<i2'}, {'id': 'lzma', 'format': 3, 'check': -1, 'preset': None, 'filters': [{'id': 3, 'dist': 2}, {'id': 33, 'preset': 2147483657, 'lc': 1, 'lp': 1, 'pb': 1}]})}
@Lagnajee	28.92	0.5720	tcw	default	FixedScaleOffset grid (mean-bound tuned) + LZMA	0.1.0a1	{'id': 'combinators.framed', 'codecs': ({'id': 'fixedscaleoffset', 'scale': 3.571785750003572, 'offset': 0, 'dtype': '<f8', 'astype': '<i2'}, {'id': 'lzma', 'format': 3, 'check': -1, 'preset': None, 'filters': [{'id': 3, 'dist': 2}, {'id': 33, 'preset': 2147483657, 'lc': 1, 'lp': 1, 'pb': 1}]})}
@Lagnajee	29.30	0.6064	tcwv	default	FixedScaleOffset grid (mean-bound tuned) + LZMA	0.1.0a1	{'id': 'combinators.framed', 'codecs': ({'id': 'fixedscaleoffset', 'scale': 3.571785750003572, 'offset': 0, 'dtype': '<f8', 'astype': '<i2'}, {'id': 'lzma', 'format': 3, 'check': -1, 'preset': None, 'filters': [{'id': 3, 'dist': 2}, {'id': 33, 'preset': 2147483657, 'lc': 1, 'lp': 1, 'pb': 1}]})}
@Lagnajee	334.34	1.0525	tisr	default	FixedScaleOffset grid (mean-bound tuned) + LZMA	0.1.0a1	{'id': 'combinators.framed', 'codecs': ({'id': 'fixedscaleoffset', 'scale': 4.9608135416716276e-05, 'offset': 0, 'dtype': '<f8', 'astype': '<i2'}, {'id': 'lzma', 'format': 3, 'check': -1, 'preset': None, 'filters': [{'id': 3, 'dist': 2}, {'id': 33, 'preset': 2147483657, 'lc': 1, 'lp': 1, 'pb': 1}]})}
@Lagnajee	24.64	0.4930	tmax	default	FixedScaleOffset grid (mean-bound tuned) + LZMA	0.1.0a1	{'id': 'mask.meta', 'mask': nan, 'codec': {'id': 'combinators.stack', 'codecs': ({'id': 'replace.filter', 'replacements': {'nan': 'finite_mean'}}, {'id': 'fixedscaleoffset', 'scale': 35.71785750003572, 'offset': 0, 'dtype': '<f8', 'astype': '<i2'}, {'id': 'lzma', 'format': 3, 'check': -1, 'preset': None, 'filters': [{'id': 3, 'dist': 2}, {'id': 33, 'preset': 2147483657, 'lc': 1, 'lp': 1, 'pb': 1}]})}, 'bitmap_codec': {'id': 'combinators.stack', 'codecs': ({'id': 'packbits'}, {'id': 'lzma', 'format': 1, 'check': -1, 'preset': 2147483657, 'filters': None})}}
@Lagnajee	24.49	0.5357	totalx	default	FixedScaleOffset grid (mean-bound tuned) + LZMA	0.1.0a1	{'id': 'combinators.framed', 'codecs': ({'id': 'fixedscaleoffset', 'scale': 3.571785750003572, 'offset': 0, 'dtype': '<f8', 'astype': '<i2'}, {'id': 'lzma', 'format': 3, 'check': -1, 'preset': None, 'filters': [{'id': 3, 'dist': 2}, {'id': 33, 'preset': 2147483657, 'lc': 1, 'lp': 1, 'pb': 1}]})}
@Lagnajee	69.08	0.7163	tp	default	FixedScaleOffset grid (mean-bound tuned) + LZMA	0.1.0a1	{'id': 'combinators.framed', 'codecs': ({'id': 'fixedscaleoffset', 'scale': 12501.2501250125, 'offset': 0, 'dtype': '<f8', 'astype': '<i2'}, {'id': 'lzma', 'format': 3, 'check': -1, 'preset': None, 'filters': [{'id': 3, 'dist': 2}, {'id': 33, 'preset': 2147483657, 'lc': 1, 'lp': 1, 'pb': 1}]})}
@Lagnajee	42.72	0.6134	tplb	default	FixedScaleOffset grid (mean-bound tuned) + LZMA	0.1.0a1	{'id': 'combinators.framed', 'codecs': ({'id': 'fixedscaleoffset', 'scale': 0.14360097241030592, 'offset': 0, 'dtype': '<f8', 'astype': '<i2'}, {'id': 'lzma', 'format': 3, 'check': -1, 'preset': None, 'filters': [{'id': 3, 'dist': 2}, {'id': 33, 'preset': 2147483657, 'lc': 1, 'lp': 1, 'pb': 1}]})}
@Lagnajee	39.52	0.5818	tplt	default	FixedScaleOffset grid (mean-bound tuned) + LZMA	0.1.0a1	{'id': 'combinators.framed', 'codecs': ({'id': 'fixedscaleoffset', 'scale': 0.12148275329495277, 'offset': 0, 'dtype': '<f8', 'astype': '<i2'}, {'id': 'lzma', 'format': 3, 'check': -1, 'preset': None, 'filters': [{'id': 3, 'dist': 2}, {'id': 33, 'preset': 2147483657, 'lc': 1, 'lp': 1, 'pb': 1}]})}
@Lagnajee	27.14	0.4990	tsn	default	FixedScaleOffset grid + LZMA	0.1.0a1	{'id': 'combinators.framed', 'codecs': ({'id': 'fixedscaleoffset', 'scale': 10.00100010001, 'offset': 0, 'dtype': '<f8', 'astype': '<i2'}, {'id': 'lzma', 'format': 3, 'check': -1, 'preset': None, 'filters': [{'id': 3, 'dist': 2}, {'id': 33, 'preset': 2147483657, 'lc': 1, 'lp': 1, 'pb': 1}]})}
@Lagnajee	49.17	0.7113	tsr	default	FixedScaleOffset grid (mean-bound tuned) + LZMA	0.1.0a1	{'id': 'combinators.framed', 'codecs': ({'id': 'fixedscaleoffset', 'scale': 4.9608135416716276e-05, 'offset': 0, 'dtype': '<f8', 'astype': '<i2'}, {'id': 'lzma', 'format': 3, 'check': -1, 'preset': None, 'filters': [{'id': 3, 'dist': 2}, {'id': 33, 'preset': 2147483657, 'lc': 1, 'lp': 1, 'pb': 1}]})}
@Lagnajee	116.60	0.8839	tsrc	default	FixedScaleOffset grid (mean-bound tuned) + LZMA	0.1.0a1	{'id': 'combinators.framed', 'codecs': ({'id': 'fixedscaleoffset', 'scale': 4.9608135416716276e-05, 'offset': 0, 'dtype': '<f8', 'astype': '<i2'}, {'id': 'lzma', 'format': 3, 'check': -1, 'preset': None, 'filters': [{'id': 3, 'dist': 2}, {'id': 33, 'preset': 2147483657, 'lc': 1, 'lp': 1, 'pb': 1}]})}
@Lagnajee	36.60	0.6511	ttr	default	FixedScaleOffset grid (mean-bound tuned) + LZMA	0.1.0a1	{'id': 'combinators.framed', 'codecs': ({'id': 'fixedscaleoffset', 'scale': 9.921627083343255e-05, 'offset': 0, 'dtype': '<f8', 'astype': '<i2'}, {'id': 'lzma', 'format': 3, 'check': -1, 'preset': None, 'filters': [{'id': 3, 'dist': 2}, {'id': 33, 'preset': 2147483657, 'lc': 1, 'lp': 1, 'pb': 1}]})}
@Lagnajee	75.47	0.7379	ttrc	default	FixedScaleOffset grid (mean-bound tuned) + LZMA	0.1.0a1	{'id': 'combinators.framed', 'codecs': ({'id': 'fixedscaleoffset', 'scale': 9.921627083343255e-05, 'offset': 0, 'dtype': '<f8', 'astype': '<i2'}, {'id': 'lzma', 'format': 3, 'check': -1, 'preset': None, 'filters': [{'id': 3, 'dist': 2}, {'id': 33, 'preset': 2147483657, 'lc': 1, 'lp': 1, 'pb': 1}]})}
@Lagnajee	310.27	1.4876	tvh	default	FixedScaleOffset grid + Lossless + LZMA	0.1.0a1	{'id': 'combinators.framed', 'codecs': ({'id': 'fixedscaleoffset', 'scale': 1, 'offset': 0, 'dtype': '<f8', 'astype': '|i1'}, {'id': 'lzma', 'format': 1, 'check': -1, 'preset': 2147483657, 'filters': None})}
@Lagnajee	240.29	1.2479	tvl	default	FixedScaleOffset grid + Lossless + LZMA	0.1.0a1	{'id': 'combinators.framed', 'codecs': ({'id': 'fixedscaleoffset', 'scale': 1, 'offset': 0, 'dtype': '<f8', 'astype': '|i1'}, {'id': 'lzma', 'format': 1, 'check': -1, 'preset': 2147483657, 'filters': None})}
@Lagnajee	14.53	0.3715	u10n	default	FixedScaleOffset grid (mean-bound tuned) + LZMA	0.1.0a1	{'id': 'combinators.framed', 'codecs': ({'id': 'fixedscaleoffset', 'scale': 25.002500250025, 'offset': 0, 'dtype': '<f8', 'astype': '<i2'}, {'id': 'lzma', 'format': 3, 'check': -1, 'preset': None, 'filters': [{'id': 3, 'dist': 2}, {'id': 33, 'preset': 2147483657, 'lc': 1, 'lp': 1, 'pb': 1}]})}
@Lagnajee	81.73	0.8391	ust	default	FixedScaleOffset grid (mean-bound tuned) + LZMA	0.1.0a1	{'id': 'mask.meta', 'mask': nan, 'codec': {'id': 'combinators.stack', 'codecs': ({'id': 'replace.filter', 'replacements': {'nan': 'finite_mean'}}, {'id': 'fixedscaleoffset', 'scale': 35.71785750003572, 'offset': 0, 'dtype': '<f8', 'astype': '|i1'}, {'id': 'lzma', 'format': 3, 'check': -1, 'preset': None, 'filters': [{'id': 3, 'dist': 1}, {'id': 33, 'preset': 2147483657, 'lc': 1, 'lp': 1, 'pb': 1}]})}, 'bitmap_codec': {'id': 'combinators.stack', 'codecs': ({'id': 'packbits'}, {'id': 'lzma', 'format': 1, 'check': -1, 'preset': 2147483657, 'filters': None})}}
@Lagnajee	144.22	0.8264	uvb	default	FixedScaleOffset grid (mean-bound tuned) + LZMA	0.1.0a1	{'id': 'combinators.framed', 'codecs': ({'id': 'fixedscaleoffset', 'scale': 4.9608135416716276e-05, 'offset': 0, 'dtype': '<f8', 'astype': '|i1'}, {'id': 'lzma', 'format': 3, 'check': -1, 'preset': None, 'filters': [{'id': 3, 'dist': 1}, {'id': 33, 'preset': 2147483657, 'lc': 1, 'lp': 1, 'pb': 1}]})}
@Lagnajee	14.81	0.3885	v10n	default	FixedScaleOffset grid (mean-bound tuned) + LZMA	0.1.0a1	{'id': 'combinators.framed', 'codecs': ({'id': 'fixedscaleoffset', 'scale': 25.002500250025, 'offset': 0, 'dtype': '<f8', 'astype': '<i2'}, {'id': 'lzma', 'format': 3, 'check': -1, 'preset': None, 'filters': [{'id': 3, 'dist': 2}, {'id': 33, 'preset': 2147483657, 'lc': 1, 'lp': 1, 'pb': 1}]})}
@Lagnajee	13.28	0.3199	vimd	default	FixedScaleOffset grid (mean-bound tuned) + LZMA	0.1.0a1	{'id': 'combinators.framed', 'codecs': ({'id': 'fixedscaleoffset', 'scale': 52.81189144589376, 'offset': 0, 'dtype': '<f8', 'astype': '<i2'}, {'id': 'lzma', 'format': 3, 'check': -1, 'preset': None, 'filters': [{'id': 3, 'dist': 2}, {'id': 33, 'preset': 2147483657, 'lc': 1, 'lp': 1, 'pb': 1}]})}
@Lagnajee	99.66	0.6872	vst	default	FixedScaleOffset grid (mean-bound tuned) + LZMA	0.1.0a1	{'id': 'mask.meta', 'mask': nan, 'codec': {'id': 'combinators.stack', 'codecs': ({'id': 'replace.filter', 'replacements': {'nan': 'finite_mean'}}, {'id': 'fixedscaleoffset', 'scale': 25.002500250025, 'offset': 0, 'dtype': '<f8', 'astype': '|i1'}, {'id': 'lzma', 'format': 3, 'check': -1, 'preset': None, 'filters': [{'id': 3, 'dist': 1}, {'id': 33, 'preset': 2147483657, 'lc': 1, 'lp': 1, 'pb': 1}]})}, 'bitmap_codec': {'id': 'combinators.stack', 'codecs': ({'id': 'packbits'}, {'id': 'lzma', 'format': 1, 'check': -1, 'preset': 2147483657, 'filters': None})}}
@Lagnajee	59.90	0.6243	wdw	default	FixedScaleOffset grid (mean-bound tuned) + LZMA	0.1.0a1	{'id': 'mask.meta', 'mask': nan, 'codec': {'id': 'combinators.stack', 'codecs': ({'id': 'replace.filter', 'replacements': {'nan': 'finite_mean'}}, {'id': 'fixedscaleoffset', 'scale': 35.71785750003572, 'offset': 0, 'dtype': '<f8', 'astype': '|i1'}, {'id': 'lzma', 'format': 3, 'check': -1, 'preset': None, 'filters': [{'id': 3, 'dist': 1}, {'id': 33, 'preset': 2147483657, 'lc': 1, 'lp': 1, 'pb': 1}]})}, 'bitmap_codec': {'id': 'combinators.stack', 'codecs': ({'id': 'packbits'}, {'id': 'lzma', 'format': 1, 'check': -1, 'preset': 2147483657, 'filters': None})}}
@Lagnajee	16.41	0.3351	wind	default	FixedScaleOffset grid (mean-bound tuned) + LZMA	0.1.0a1	{'id': 'mask.meta', 'mask': nan, 'codec': {'id': 'combinators.stack', 'codecs': ({'id': 'replace.filter', 'replacements': {'nan': 'finite_mean'}}, {'id': 'fixedscaleoffset', 'scale': 25.002500250025, 'offset': 0, 'dtype': '<f8', 'astype': '<i2'}, {'id': 'lzma', 'format': 3, 'check': -1, 'preset': None, 'filters': [{'id': 3, 'dist': 2}, {'id': 33, 'preset': 2147483657, 'lc': 1, 'lp': 1, 'pb': 1}]})}, 'bitmap_codec': {'id': 'combinators.stack', 'codecs': ({'id': 'packbits'}, {'id': 'lzma', 'format': 1, 'check': -1, 'preset': 2147483657, 'filters': None})}}
@Lagnajee	42.03	0.5014	wmb	default	FixedScaleOffset grid (mean-bound tuned) + LZMA	0.1.0a1	{'id': 'mask.meta', 'mask': nan, 'codec': {'id': 'combinators.stack', 'codecs': ({'id': 'replace.filter', 'replacements': {'nan': 'finite_mean'}}, {'id': 'fixedscaleoffset', 'scale': 1.785892875001786, 'offset': 0, 'dtype': '<f8', 'astype': '<i2'}, {'id': 'lzma', 'format': 3, 'check': -1, 'preset': None, 'filters': [{'id': 3, 'dist': 2}, {'id': 33, 'preset': 2147483657, 'lc': 1, 'lp': 1, 'pb': 1}]})}, 'bitmap_codec': {'id': 'combinators.stack', 'codecs': ({'id': 'packbits'}, {'id': 'lzma', 'format': 1, 'check': -1, 'preset': 2147483657, 'filters': None})}}
@Lagnajee	65.33	0.6213	wsk	default	FixedScaleOffset grid (mean-bound tuned) + LZMA	0.1.0a1	{'id': 'mask.meta', 'mask': nan, 'codec': {'id': 'combinators.stack', 'codecs': ({'id': 'replace.filter', 'replacements': {'nan': 'finite_mean'}}, {'id': 'fixedscaleoffset', 'scale': 291.80300120977836, 'offset': 0, 'dtype': '<f8', 'astype': '|i1'}, {'id': 'lzma', 'format': 3, 'check': -1, 'preset': None, 'filters': [{'id': 3, 'dist': 1}, {'id': 33, 'preset': 2147483657, 'lc': 1, 'lp': 1, 'pb': 1}]})}, 'bitmap_codec': {'id': 'combinators.stack', 'codecs': ({'id': 'packbits'}, {'id': 'lzma', 'format': 1, 'check': -1, 'preset': 2147483657, 'filters': None})}}
@Lagnajee	34.92	0.3226	wsp	default	PwRatio (mean-bound tuned) + LZMA	0.1.0a1	{'id': 'mask.meta', 'mask': nan, 'codec': {'id': 'combinators.stack', 'codecs': ({'id': 'replace.filter', 'replacements': {'nan': 'finite_mean'}}, {'id': 'pw_ratio', 'eb_ratio': 1.019, 'eb_abs_marker': '$eb_abs', 'log_codec': {'id': 'fixedscaleoffset', 'scale': 18.41530001266561, 'offset': 0, 'dtype': '<f8', 'astype': '<i2'}, 'sign_codec': {'id': 'zstd.rs', 'level': 19, '_version': '0.1.0'}}, {'id': 'lzma', 'format': 3, 'check': -1, 'preset': None, 'filters': [{'id': 3, 'dist': 2}, {'id': 33, 'preset': 2147483657, 'lc': 1, 'lp': 1, 'pb': 1}]})}, 'bitmap_codec': {'id': 'combinators.stack', 'codecs': ({'id': 'packbits'}, {'id': 'lzma', 'format': 1, 'check': -1, 'preset': 2147483657, 'filters': None})}}
@Lagnajee	40.05	0.4157	wss	default	PwRatio (mean-bound tuned) + LZMA	0.1.0a1	{'id': 'mask.meta', 'mask': nan, 'codec': {'id': 'combinators.stack', 'codecs': ({'id': 'replace.filter', 'replacements': {'nan': 'finite_mean'}}, {'id': 'pw_ratio', 'eb_ratio': 1.019, 'eb_abs_marker': '$eb_abs', 'log_codec': {'id': 'fixedscaleoffset', 'scale': 18.41530001266561, 'offset': 0, 'dtype': '<f8', 'astype': '<i2'}, 'sign_codec': {'id': 'zstd.rs', 'level': 19, '_version': '0.1.0'}}, {'id': 'lzma', 'format': 3, 'check': -1, 'preset': None, 'filters': [{'id': 3, 'dist': 2}, {'id': 33, 'preset': 2147483657, 'lc': 1, 'lp': 1, 'pb': 1}]})}, 'bitmap_codec': {'id': 'combinators.stack', 'codecs': ({'id': 'packbits'}, {'id': 'lzma', 'format': 1, 'check': -1, 'preset': 2147483657, 'filters': None})}}
@Lagnajee	33.78	0.5444	wstar	default	FixedScaleOffset grid (mean-bound tuned) + LZMA	0.1.0a1	{'id': 'mask.meta', 'mask': nan, 'codec': {'id': 'combinators.stack', 'codecs': ({'id': 'replace.filter', 'replacements': {'nan': 'finite_mean'}}, {'id': 'fixedscaleoffset', 'scale': 25.002500250025, 'offset': 0, 'dtype': '<f8', 'astype': '|i1'}, {'id': 'lzma', 'format': 3, 'check': -1, 'preset': None, 'filters': [{'id': 3, 'dist': 1}, {'id': 33, 'preset': 2147483657, 'lc': 1, 'lp': 1, 'pb': 1}]})}, 'bitmap_codec': {'id': 'combinators.stack', 'codecs': ({'id': 'packbits'}, {'id': 'lzma', 'format': 1, 'check': -1, 'preset': 2147483657, 'filters': None})}}
@Lagnajee	23.63	0.4998	z	default	FixedScaleOffset grid + LZMA	0.1.0a1	{'id': 'combinators.framed', 'codecs': ({'id': 'fixedscaleoffset', 'scale': 0.05000500050005, 'offset': 0, 'dtype': '<f8', 'astype': '<i2'}, {'id': 'lzma', 'format': 3, 'check': -1, 'preset': None, 'filters': [{'id': 3, 'dist': 2}, {'id': 33, 'preset': 2147483657, 'lc': 1, 'lp': 1, 'pb': 1}]})}
@Lagnajee	27.67	0.5717	zust	default	FixedScaleOffset grid (mean-bound tuned) + LZMA	0.1.0a1	{'id': 'combinators.framed', 'codecs': ({'id': 'fixedscaleoffset', 'scale': 94.35093976851351, 'offset': 0, 'dtype': '<f8', 'astype': '<i2'}, {'id': 'lzma', 'format': 3, 'check': -1, 'preset': None, 'filters': [{'id': 3, 'dist': 2}, {'id': 33, 'preset': 2147483657, 'lc': 1, 'lp': 1, 'pb': 1}]})}
